NSC#,SMILES,Activity
NSC97920,C1CC2(CCC13NC4=CC=CC5=C4C(=CC=C5)N3)NC6=CC=CC7=C6C(=CC=C7)N2,0
NSC13785,C1=CC2=C(C=CC=C2[As](=O)(O)O)C(=C1)N,0
NSC357683,C1=CC2(C3C1C(OC(=C3)C(=O)N)OC2=O)O,0
NSC95909,C1=CC=C2C=C(C=CC2=C1)C=C3C(=O)NC(=O)NC3=O,0
NSC67392,CC1C2CC2(CC1=O)C(C)C,0
NSC154127,C1CCC(CC1)NC2=NN=C(C(=C2Cl)Cl)Cl,0
NSC41376,C1=CC=C(C=C1)[As](=O)(C2=CC=C(C=C2)O)O,0
NSC173969,C1=CC2=C(NC=C2C=O)N=C1,0
NSC75527,COC1=C(C=C(C=C1)C=CC(=O)C2=C(C=C(C=C2OC)OC)OC)OC,0
NSC87008,CC(C)(CO)N1CCN(CC1)C(=S)NC2=CC=CC=C2,0
NSC23225,CC1CCCCN1CC2=CNC3=CC=CC=C32,0
NSC215275,C1C(=C(CS1)NC2=CC=CC=C2)C(=O)NC3=CC=CC=C3,0
NSC127445,CCC(C)(C1=CN=C(C(=O)N1O)CC(C)C)O,0
NSC135184,CC1=CC=C(C=C1)S(=O)(=O)NNC(=O)C23CCC(C2)CC3,0
NSC45641,CC(=NNC1=NC=NC2=C1NC=N2)C,0
NSC13176,CC(CC(C#N)(C1=CC=CC=C1)C2=CC=CC=C2)N3CCCCC3,1
NSC16736,COC1=CC(=CC(=C1O)OC)C(=O)C(=O)C2=CC(=C(C(=C2)OC)O)OC,0
NSC376248,COC1=C2CCC(OC2=C3C(=C1)OC4=CC(=O)C=C5C4=C3C=C(O5)C6=CC=CC=C6)C7=CC=CC=C7,0
NSC26326,CC1(CCC2=C(O1)C3=CC=CC=C3C(=O)C2=O)C,0
NSC34552,C1CC[N+]2(C(C1)CCCC2CO)[O-],0
NSC49847,C1=CSC(=C1)[As](=O)(C2=CC=CS2)O,0
NSC220030,CC1=NC=C(C=C1)C#CC(C)(C(C)(C)C)O,0
NSC42774,C1=CN(C=C1)CCC2=CC=NC=C2,0
NSC25435,C1=CC=C(C=C1)OP(=O)(C2=CC=CC=C2)OC3=CC=CC=C3,0
NSC186200,C1=CC=C(C=C1)C(CC(=NO)C2=CC=CC=C2)C(C#N)C3=CC=CC=C3,0
NSC13248,CCN1CCC(CC1)NC2=C3C=CC(=CC3=NC=C2)Cl,0
NSC44680,C1CCC(CC1)N2CC2CO,0
NSC145180,CN1C=NC2=NC=NN2C1=S,0
NSC36294,CC(=O)C1=C(C2=C(C=C1O)OC(C=C2)(C)C)OC,0
NSC37955,CCCC1=CC(=C(C(=C1)C(=O)N)OCC=C)CCC,0
NSC216623,CSC1=CC=CC(=C1)NC(=O)NC2=CC=CC=C2C(=O)N,0
NSC148304,CCNC(=S)NCC=C,0
NSC52241,C1=CC=C(C=C1)C#CC(C2=CC=CC=C2)(C3=CC=CC=C3)O,0
NSC89249,CC(=O)NCC(C1=CC=C(C=C1)[N+](=O)[O-])O,0
NSC144694,C1=CC=C2C(=C1)C=CC=C2C(=CC3=CC=NC=C3)C(=O)N,0
NSC84200,CN(C)CC1C2CCC(C2)C1O,0
NSC17507,CCOC(=O)C1=C(N(C(=C1C)C(=O)OCC)C)C,0
NSC13156,CC1=NC2=CC=CC=C2N=C1NS(=O)(=O)C3=CC=C(C=C3)N,0
NSC103775,C1=C(N=NS1)C2=C(N=NS2)C(=O)NN,0
NSC24872,CC(=CCC1=C(C2=CC=CC=C2C(=O)C1=O)O)CO,0
NSC166375,CCN(CCNC1=C(C)C(Cl)=C(CO)C=C1C)CC,0
NSC650438,C1=CC(=C(C=C1O)C=CNC=O)O,0
NSC11023,CC1=CC=CC=C1NC(=O)C(=O)NC2=CC=CC=C2C,0
NSC7521,CC1C(C(C(C(O1)OC2CCC3(C4CCC5(C(CCC5(C4CCC3=C2)O)C6=COC(=O)C=C6)C)C)O)O)O,0
NSC109466,CCOC(=O)CC1=CC(=O)C2=C(N1)C=CC(=C2)C,0
NSC60387,COC1=C(C2=C(C=C1)C3=C(CC4CCCN4C3)C5=CC(=C(C=C52)OC)OC)OC,0
NSC78130,COC1=CC=C(C=C1)N=NC2=C(N=C(C=C2)N)N,0
NSC29851,CN1C2=C(CCC2)SC1=O,0
NSC126226,C1=CC(=CN=C1)C(=O)OCC(COC(=O)C2=CN=CC=C2)O,0
NSC146554,CC1=C(C=C(C=C1)[N+](=O)[O-])NC(=O)NC2=CC=C(C=C2)S(=O)(=O)N,0
NSC283445,CC1CCOC(=O)C=CC=CC(=O)OC2CC3C4(C2(C5(CCC6(C(C5O3)O6)C)COC(=O)C1O)C)CO4,0
NSC100729,C1=CC=C(C(=C1)C2=NN=CO2)O,0
NSC369070,C1=CC=C2C(=C1)N=C(C(=NO)S2)C3=CC(=CC=C3)[N+](=O)[O-],0
NSC139105,CC1(C)N=C(N)N=C(N)N1C2=CC(Cl)=C(OCC3=CC(C(N(C)C)=O)=CC=C3)C=C2,0
NSC154389,C1=CC(=CC=C1C=CC2=NC(=C(C(=N2)Cl)C3=CC=C(C=C3)Cl)Cl)Cl,0
NSC12097,C1=CC2=C(C=C1O)OC3=CC(=O)C=CC3=N2,0
NSC101777,CCC1CN1P2(=O)OCC(CO2)(C)[N+](=O)[O-],0
NSC98049,CCOC(=O)NC1=C(N(C(=O)N(C1=O)C)C)Cl,0
NSC19096,CCOC1=NC(=NC2=C1C=NN2C)OCC,0
NSC34910,CCOC(=O)C1=CC(=NC2=C1C=C(C=C2)C)C3=CC=CC=C3,0
NSC330500,CC1CC(C(C(C=C(C(C(C=CC=C(C(=O)NC2=CC(=CC(=C2O)C1OC)O)C)C)OC(=O)N)C)C)OC)OC,0
NSC88998,C1CC2CCC1CN(C2)C(=O)C(Cl)Cl,0
NSC300540,C1=CC=C2C(=C1)NC(C3=CC=CN32)C4=C(C(=CC(=C4)Cl)Cl)O,0
NSC61642,C1=CC(=CC=C1C2=NC3=C(N=C(N=C3N=C2C4=CC=C(C=C4)N)N)N)N,1
NSC144958,C1=CC2=C(C(=C1)NC(=O)C=CC(=O)O)N=CC=C2,0
NSC112547,CC1=C(C(=O)NC(=S)N1)CC2=C(C=CC3=CC=CC=C32)O,0
NSC270063,CC(C)(C(=O)O)NC(=O)C1=C(C2=CC=CC=C2C(=C1)Cl)O,0
NSC11664,CCC1=NC(=C2C=NN(C2=N1)C3=CC=CC=C3)NC(C)(C)C,0
NSC785153,CN1CCC2=C3C1CC4=C(C3=CC=C2)C(=C(C=C4)OC)OC,0
NSC250429,CC1CC(C2C3(CCCC2(C14CCC5(O4)CCOC5=O)COC3=O)C)O,0
NSC166637,C1COCCN1CCCN2C3=C(N=C(C(=N3)Cl)Cl)N=C2C(F)(F)F,0
NSC12650,C1=CC(=CC=C1N=NC2=CC=C(C=C2)[As](=O)(O)O)O,0
NSC379536,C1=CC(=C(C=C1C(F)(F)F)NC(=O)CC(=NO)N)Cl,0
NSC43308,C1=CC=C(C=C1)C=C=NC(=O)C(=O)C=C=NC2=CC=CC=C2,0
NSC11866,COC1=CC=C(C=C1)C=CC(=O)C2=CC=CC=C2,0
NSC87511,CC1=CC(=C(C2=C1C(=O)OC3=C(O2)C4=C(C(=C3C)O)C(=O)OC4O)C=O)OC,0
NSC166596,C1=CC=C(C=C1)C2=NN=C3N2N=C(O3)C4=CC=CS4,0
NSC33005,C1=CC=C2C(=C1)N=C(S2)C3=C(C=C(C=C3)O)O,0
NSC33478,CCOC1=CC=C(C=C1)NC(=O)NC2=CC(=C(C=C2C)O)C(C)C,0
NSC60419,C1=CC=C2C(=C1)C3=CC=CC4=CN=CC2=C43,0
NSC321517,CCCCN1C(=CC(=NC1=S)C)OC(=S)N(CC)CC,0
NSC123797,CC(C)N1C=C(C(=N1)N)C#N,0
NSC163639,COC(=O)CC1(NC2=CC(=C(C=C2S(=O)(=O)N1O)Cl)Cl)C(=O)OC,0
NSC62665,C12=C(NC(=O)N1)N=C(N=C2Cl)Cl,0
NSC326757,C1=CC(=CC=C1C(=O)C2=CC=C(C=C2)O)C(=O)C3=CC=C(C=C3)O,0
NSC117268,C1=CC(=CC=C1C2N=C(N=C(N2C3=CC=C(C=C3)S(=O)(=O)N)N)N)Cl,0
NSC15359,C1=CC=C(C=C1)NC2=C(C=C(C=C2)N)S(=O)(=O)O,0
NSC307703,C1=CC=C2C(=C1)C(=O)N(C=N2)C3=CC=C(C=C3)Cl,0
NSC31762,CC1(C2=CC=CC=C2N(C1=CC=C3C=C(C(=O)C(=C3)I)I)C)C,0
NSC162915,C1=CN=CC=C1N2C3=C(C=NC=C3)N=N2,0
NSC238929,C1=CC(=C(C=C1Cl)Cl)C(=O)NC2=NSC=C2,0
NSC379538,CSC1=NC=C(C2=NC(NN21)C3=CC=C(C=C3)Cl)C#N,0
NSC42135,C1=CC(=CC=C1NC2=NC(=NC(=C2)N)N)Br,0
NSC375997,CC1=C(C=NC2=NN(C(=N)N12)C3=CC=CC=C3)O,0
NSC299968,CCOC(=O)C(=NO)C1=CSC2=NNC(N12)(C)C,0
NSC283849,CCOC(=O)C1=C(N=C(C(=C1C2=CN=CC=C2)C(=O)OCC)C)C,0
NSC205827,CSC1=CC=C(C=C1)NC(=O)NC2=CC=CC=C2C(=O)N,0
NSC163158,CC1=CC(=O)C2=C(N1)NNC2=O,0
NSC119969,CC1=CC(=NC2=C1C=CC(=N2)OC)C,0
NSC112541,CC1=NC(=C(C(=O)N1)CC2=CC=CC=C2O)C3=CC=CC=C3,0
NSC605333,C1=CC=C2C(=C1)C3=C(N2)C4=CC=CC=C4S3,0
NSC22847,CC(=O)NC1(CCCC1)C(=O)O,0
NSC108655,CC(=CCCC(=CC(=O)N)C)C,0
NSC62129,C1=CC2=C(C=CC3=C2N=CN3)C=C1O,0
NSC303244,CC1C2=C(C(=C(C(=C2)C)C)C#N)NC=N1,0
NSC244387,CCCCCCCCCCC(C(=O)O)C1(CCC(=O)O1)C(=O)O,0
NSC292253,O=C1C(OC2=C(O)C=C3)C4(CCN5CC6=COC=C6)C2=C3CC5C4(O)CC1,0
NSC18805,CC(C)C1=CC=C(C(=O)C=C1)O,0
NSC210236,CC1CC(C=C(CCC=C(CC(C2CC1OC(=O)C2=C)O)C)C)O,0
NSC375982,CC1=C(C=C(C=C1)NC(=O)N2CCCCC2)NC(=O)N3CCCCC3,0
NSC62786,CNCC(C1=CC(=C(C=C1)O)O)O,0
NSC11440,CN1CCC2=CC3=C(OCO3)C=C2C(CC4=C(C5=C(OCO5)C=C4)C1)=O,0
NSC164511,CCCNC(=O)NC1=C(C=C(C=C1)C)C,0
NSC60239,C=CCC1=CC=CC=C1OCC(=O)O,0
NSC117554,C1CC(CCC1=O)(C2=CC=CC=C2)C3=CC=CC=C3,0
NSC4429,C1=CC=C(C(=C1)C2=NC(=NC(=N2)N)N)C3=NC(=NC(=N3)N)N,0
NSC294747,CSC1=NC(=C(S1)C(=O)NC2CCCCC2)N,0
NSC215684,COC1=CC=C(C=C1)OC(=O)NC2=C(C=C(C=C2)[N+](=O)[O-])OC,0
NSC282137,CC1(CC(=C(C(=O)C1)CC(=O)C2=CC=CC=C2)NN=C(N)N)C,0
NSC120631,C1=CC=C(C=C1)OCCOC2=CC=C(C=C2)C(=O)O,0
NSC127458,C1=CC=C(C=C1)N2C3=C(C=CC=N3)C=N2,0
NSC328130,C1CCCC2(CC1)NC(=S)N(N2)C3=CC=CC=C3,0
NSC1614,CC(CCC(=O)O)C1CCC2(C1(CC(=O)C3C2C(=O)CC4C3(CCC(C4(C)C)O)C)C)C,0
NSC24819,COC1=CC(=CC(=C1OC)OC)C2C3C(CC4=C(C5=C(C=C24)OCO5)O)COC3=O,0
NSC83339,COC1=CC=CC(=C1)C2=NN=C(O2)N,0
NSC157725,C1C(=O)N(C2=C(C=C(C=C2)Cl)C(=N1)C3=CC=CC=N3)CC(=O)O,0
NSC118818,C1C2C=C(C(N1CC3=CC=CC=C3)C4C2C(=O)N(C4=O)C5=CC=CC=C5)C#N,0
NSC146071,C1=CC(=C(N=C1)OC2=CC(=C(C=C2Cl)Cl)Cl)[N+](=O)[O-],0
NSC105798,CC(=O)NC1=CC=C(C=C1)OC(=O)OC2=CC=C(C=C2)NC(=O)C,0
NSC281624,CCCOC1=CC=C(C=C1)C2=NC(=CS2)C3=CC=C(C=C3)N,0
NSC134580,CC1=C(C=CC(=N1)C(=O)O)OC,0
NSC10091,CCOC(=O)C(=CC1=CNC2=CC=CC=C21)C#N,0
NSC327993,CC1CCOC(C=CC=CC(=O)OC2CC3C4(C2(C5(CC(C6(C(C5O3)O6)C)O)COC(=O)C1O)C)CO4)C(C)O,0
NSC155196,C1=CC=C2C(=C1)N=CC(=N2)CC#N,0
NSC34202,CC(CCC(=O)OC)C1CCC2(C1(CC(=O)C3C2C(=O)CC4C3(CCC(C4(C)C)OC(=O)C)C)C)C,0
NSC20103,C1=C(C=C(C(=C1O)O)O)C(=O)O,0
NSC107701,CN1C(=O)N(C(=O)C(=N1)SCC2=CC=CC=C2)C(C3=CC=CC=C3)C4=CC=CC=C4,0
NSC107679,C1CCC(C1)CC2NC3=CC(=C(C=C3S(=O)(=O)N2)S(=O)(=O)N)Cl,0
NSC21333,CN1CCC(CC1)(C#N)C2=CC(=CC(=C2)OC)OC,0
NSC372287,COC1=CC=CC=C1C2C(=O)C3=C(O2)NC4=C(N3)C=CC(=C4)[N+](=O)[O-],0
NSC65537,COC1=C(C2=CC=CC=C2C(=C1)N=NC3=CC(=CC=C3)S(=O)(=O)N)N,0
NSC38743,C1=CC=C(C=C1)C2(C(=O)NC(=O)N2)CCC(=O)O,0
NSC60013,C1=CC(=C(C2=C1C(=O)C3=C(C2=O)C=CC(=C3Cl)N)Cl)N,0
NSC78609,CCOC(=O)NC1=CSN=N1,0
NSC32743,CC1CC(CC(C1=O)C(CC2CC(=O)NC(=O)C2)O)(C)OC(=O)C,0
NSC91340,C1CN(CCN1CC(COC2=CC=C(C=C2)Cl)O)C3=CC(=CC=C3)Cl,0
NSC18883,CCN(CC)CCN1C2=CC=CC=C2SC3=C1C4=CC=CC=C4C=C3,1
NSC214029,C1=CC=C2C=C(C=CC2=C1)NC(=O)C3=CC(=CC=C3)F,0
NSC3001,CC1CCCC(C1)(CC(=O)O)CC(=O)O,0
NSC93033,C1=CC(=C(C=C1NC(=O)CN2C=CC(=O)NC2=O)O)C(=O)O,0
NSC272275,CC1CN=C(C2=CC=CC=C12)C,0
NSC32838,C1CC2(C3=CC=CC=C31)C(=O)NC(=O)N2,0
NSC339630,CC(C)(NC1=NCCNC(C2=CC=CC=C2)=C1)C,0
NSC329249,C1=CC=C2C(=C1)N=C(S2)NC(=O)NC3=CC(=C(C=C3)Cl)[N+](=O)[O-],0
NSC19028,C1=CC=C(C=C1)C2=CC(=O)C3=CC=CC=C3O2,0
NSC719655,CC(=CC1C2=C(CC3N1C(=O)C4CCCN4C3=O)C5=C(N2)C=C(C=C5)OC)C,0
NSC99634,C1=CC=C2C=C(C=CC2=C1)C(=O)NNC(=O)C3=CC=CC=C3F,0
NSC12633,C1=CC(=CC=C1NCC(=O)O)[As](=O)(O)O,0
NSC153330,CC1=NC2=C(C3=C(S2)CCCC3)C(=O)N1,0
NSC19637,C1=CC=NC(=C1)C=CC2=CC(=CC=C2)[N+](=O)[O-],0
NSC12544,C1=CC2=C(C(=C1)S(=O)(=O)OC3=CC=C(C=C3)Cl)N=CC=C2,0
NSC114997,CCOC(=O)C(CC1=CC=C(C=C1)O)NC2=NC3=CC=CC=C3O2,0
NSC148790,CC(=O)OC1CC2(C3CCC4CC(CCC4(C3CCC2(C1C5=CC(=O)OC5)C)C)O)O,0
NSC216621,CSC1=CC=CC(=C1)NC(=O)OC2CCCCCCCCCCC2,0
NSC89258,C1=CC=C2C(=C1)C3=CC=CC4=C3C(=CC=C4)O2,0
NSC295701,CC1=CC2=C(C=C1)N3C=NN=C3S2,0
NSC106506,C1=CC=C2C(=C1)C3=C(N2)C=C(C=C3)CC(=O)N,0
NSC177989,CCOC(=O)C=CC1=CC=C(N1)C(=O)OCC,0
NSC125344,CC1C2CCC3(C=C(C(=O)C(=C3C2OC1=O)C)Cl)C,0
NSC42021,CCCCSC1=NC(=NC(=C1)C)N,0
NSC349438,CC(CCC(=O)C1=COC=C1)O,0
NSC201989,C1N(CSC(=S)N1CCC2=CC=CC=C2)CCC3=CC=CC=C3,0
NSC170578,C1=CC=C2C(=C1)C3=C(S2=O)C=C(C=C3)[N+](=O)[O-],0
NSC785149,COC1=C(C(=C2C3=CC=CC=C3C(=O)C4=NC=CC1=C24)OC)OC,0
NSC13653,C1COC(=O)C1=CC2=CC3=C(C=C2)OCO3,0
NSC287065,C1=CC2=C(C=C1[N+](=O)[O-])NC(=N2)N,0
NSC30813,C1=CC=C(C=C1)N2C(=NN=N2)C3=CC=CC4=CC=CC=C43,0
NSC292463,CC1CCOC(=O)C=CC=CC(=O)OC2CC3C4(C2(C5(CCC6(C(C5O3)O6)C)COC(=O)C1OC(=O)C)C)CO4,0
NSC637827,C=C1CC2(C3=CC=CC=C3CCC4=CC=CC=C42)OC1=O,0
NSC170955,CN1CCC(=C2C3=CC=CC=C3C(C4=CC=CC=C42)O)CC1,0
NSC10105,COC1=C(C=C2C3CC4=CC(=C(C=C4CN3CCC2=C1)OC)OC)OC,0
NSC637317,CCOP(=O)(C(=CC1=CC=C(C=C1)Br)C#N)OCC,0
NSC146396,CN1C(C2=CC(=C(C=C2C3=C1C4=CC5=C(C=C4C=C3)OCO5)OC)OC)OC,0
NSC122297,CC1=CC=C(C=C1)S(=O)(=O)N2CC=C(N2)N,0
NSC672441,CC(C)NC(=NC(C)C)OC,0
NSC93373,CC12CCC3C(C1(CCC2C4=COC(=O)C4)O)CCC5(C3(CCC(C5)O)C=NO)O,0
NSC45153,C1CC(OC1)N2C=NC3=C2NC=NC3=S,0
NSC14975,CCC(C)(C(=O)OC1C2C(C(C3(C4C2(CO3)C(CC5C4(C(C(C=C5C)O)O)C)OC1=O)O)O)C)O,0
NSC106282,CC1=C(C2=CC=CC=C2N1C)C(=O)C3=CC=CC=C3,0
NSC47496,CC(C)(C)NC(=S)NC(C)(C)C,1
NSC263164,CCCCCCC(N1C=NC2=C(N)N=CN=C21)C(O)C,0
NSC19115,C1CCC(CC1)N2C3=NC=NC(=C3C=N2)N,0
NSC40817,CC1=COC(CC1)(C)C=NCC(=C)C,1
NSC104969,CC1=CN2C(=NC(=CC2=O)Cl)C=C1,0
NSC785170,CN1CCC2=CC(=C(C3=C2C1CC4=CC=CC=C43)O)OC,0
NSC10416,C1=CC=C(C=C1)N2C3=CC=CC=C3C4=CC=CC=C42,0
NSC7525,CC1C(C(C(C(O1)OC2CCC3(C4CCC5(C(CCC5(C4CCC3=C2)O)C6=COC(=O)C=C6)C)C)O)O)OC7C(C(C(C(O7)CO)O)O)O,0
NSC34219,CCCC1C(COC(O1)C2=CC3=C(C=C2Cl)OCO3)CC,0
NSC99756,CC(=O)NC1=CC(=C[N+](=O)[O-])C=C1O,0
NSC123977,CC1C(C(C(C(O1)OC2CCC3(C(C2)CCC4C3C(CC5(C4(CCC5C6=CC(=O)OC6)O)C)O)C)O)OC)O,0
NSC135894,CC1=CC(=NO)C(=CC1(C)C(Cl)(Cl)Cl)C,0
NSC110562,CS(=O)(=O)OC1=C2C(=C(C=C1)Br)C=CC=N2,0
NSC55845,C1C(C(N=N1)C(=O)C2=CC=CC=C2)C3=CC=C(C=C3)Cl,0
NSC6910,CC(C)N(C(C)C)C(=O)C1=CC(=CC=C1)[N+](=O)[O-],0
NSC134058,CSC1=NC(=O)NN=C1SC2=CC=CC=C2,0
NSC72917,COC1=C(C=C2C(=C1)C34CCN5C3CC6C(C5)CCOC7C6C4N2C(=O)C7)OC,0
NSC159566,CC1=CC(=C(C(=C1C2=C(C(=O)C(=C(C2=O)O)C)O)C)Br)C,0
NSC14142,CC(=O)NC1=CC=C(C=C1)CC2=NC3=C(N2)C(=O)N(C(=O)N3C)C,0
NSC153399,C1C(C(=O)C2=CC=CC=C21)C(=O)C3=CN=CC=C3,0
NSC46492,CC1=C(C=C(C=C1)C(C)C)NC(=O)NC2=CC=C(C=C2)[N+](=O)[O-],1
NSC169517,COC1=CC(=O)C(=CC1=O)C2CC(=O)C3=C(C=C(C=C3O2)O)O,0
NSC284200,CCCCCCCCCCCCCCCCCCOCC(CO)O,0
NSC375294,CC1(CCCC2(C1CCC3=C2COC3=O)C)C,0
NSC113087,CC1C(=O)OC2CCN3C2C4(COC(=O)C(C1(C)O)(C)O)C(C3)O4,0
NSC82151,CC1C(C(CC(O1)OC2CC(CC3=C2C(=C4C(=C3O)C(=O)C5=C(C4=O)C(=CC=C5)OC)O)(C(=O)C)O)N)O,0
NSC76022,CN(CCC1=CC(OC)=C2C3=C1C(OC4=C(OC)C=CC(C(O2)=O)=C34)=O)C,0
NSC62611,C1=CC=C2C(=C1)N=C(S2)C3=CC=CC=N3,0
NSC61888,CC1=C2C(=CC=C1)C=C3C=CC=C(C3=N2)C,0
NSC136035,O=C(O)C(N)COCCN,0
NSC328166,CC1CCOC(=O)C=CC=CC(=O)OC2CC3C4(C2(C5(CC(C6(C(C5O3)O6)C)O)COC(=O)C1O)C)CO4,0
NSC43013,CC1=CC(=S)N=C(N1)SC,0
NSC67307,CCSC1=NC(=S)C=C(N1)C,0
NSC310354,CCC1=CC2=C(C=C1C3=CSC(=N3)CC(=NO)N)C(CCC2(C)C)(C)C,0
NSC202883,CCOC(=O)C1=CC=C(C=C1)NCC#C,0
NSC106261,CC1=CC(=NOC)C(=C(C1=O)C)C,0
NSC93674,CN1CCC2=CC(=C(C3=C2C1CC4=CC=C(C=C4)OC5=C(C=CC(=C5)CC6C7=CC(=C(C=C7CCN6C)OC)O3)O)O)OC,0
NSC122819,COC1=CC(=CC(=C1O)OC)C2C3C(COC3=O)C(C4=CC5=C(C=C24)OCO5)OC6C(C(C7C(O6)COC(O7)C8=CC=CS8)O)O,0
NSC47619,C1C2(CC1(CO)CO)CC(C2)(CO)CO,0
NSC201634,COC1=CC=CC(=C1)NC(=S)NC2=CC=C(C=C2)O,0
NSC61929,C1(=C(C2(C(=C(C2(C1=O)Cl)Cl)Cl)Cl)O)Cl,0
NSC117446,CCOC(=O)CC1(NC(C(S1)(C)C)C(=O)O)C,0
NSC97090,C1=C(N2C(=NC=N2)NC1=O)N,0
NSC361570,CSC(=O)NC(=O)NC(=O)C1=CC=C(C=C1)[N+](=O)[O-],0
NSC78846,CCCNC(=O)C1=CC=CC=C1C(=O)NC2(CCCC2)C(=O)NCCC,0
NSC36398,C1=CC(=C(C=C1C2C(C(=O)C3=CC(=C(C=C3O2)O)O)O)O)O,0
NSC5113,CC(=CCC1C(C2C(C3C1OC(C=C3)(C)C)OC=C(C2=O)C4=CC(=C(C=C4)O)O)O)C,0
NSC81660,CC1(C(N(C(S1)(C)C)C=O)C(=O)O)C,0
NSC36693,CC1CC2C3C(CCCC3(C1(CCC4=COC=C4)O)C)(C(=O)O2)C,0
NSC614552,C1CN2CC(C(C(C2C1O)O)O)O,0
NSC88795,C1CC(C(=O)C1)C(=O)NC2=CC3=CC=CC=C3C=C2,0
NSC57345,C1CCC(CC1)(CC(=O)OC2CCCC2)O,0
NSC341074,CN1C=NC(=C1SC2=NNC(=N2)N)[N+](=O)[O-],0
NSC44819,CCC1(C(=NC(=S)NC1=O)N)CC,0
NSC138389,CC1=CC2=C(C=C1C)N(CC(=O)N2)C(=O)CCl,0
NSC16437,C1=CC=C(C=C1)OC(=O)C2=CC=CC3=C2C(=CC=C3)C(=O)OC4=CC=CC=C4,0
NSC177858,CCC1C(=O)N2CCCC2C(=O)N(C(C(=O)N3CCC(=O)CC3C(=O)NC(C(=O)OC(C(C(=O)N1)NC(=O)C4=C(C=CC=N4)O)C)C5=CC=CC=C5)CC6=CC=CC=C6)C,0
NSC20619,CC1=C(N=CC=C1)NC(=S)NC2=C(C=CC=N2)C,0
NSC330753,CC1=C2C(C(=O)C3(C(CC4C(C3C(C(C2(C)C)(CC1O)O)OC(=O)C5=CC=CC=C5)(CO4)OC(=O)C)O)C)OC(=O)C,0
NSC91396,C1CN(CCN1CC(COC2=CC=CC3=CC=CC=C32)O)C4=CC=CC=C4Cl,0
NSC109885,C1COCCN1C2=NC=NC(=N2)N,0
NSC70413,C=CCN1CCC23C4C(=O)CCC2(C1CC5=C3C(=C(C=C5)O)O4)O,0
NSC168225,C1=CC=C(C=C1)CN2N=C(N=N2)NN=CC3=CC=CC=C3,0
NSC14771,C1=CC=C2C(=C1)C(=O)C3=C(C2=O)N=CN3,0
NSC321506,C1=CC(=C(C(=C1)Cl)N2C=CNC2=S)Cl,0
NSC28841,O=C(N1)N=C(C(O)=O)NC1=O,0
NSC99794,COC1=C(C=C2C(=C1)C34CCN5C3(CC6C7C4N2C(=O)CC7OCC=C6C5)O)OC,0
NSC106231,CC1=C(C2=CC=CC=C2N1C)C(C)(C3=C(N(C4=CC=CC=C43)C)C)C(=O)O,0
NSC785173,CN1CCC2=CC(=C(C3=C2C1CC4=CC=C(C=C4)OC5=C6C(CC7=CC=C(O3)C=C7)N(CCC6=CC(=C5OC)OC)C)O)OC,0
NSC170621,C1=CC2=C(C(=C1)C(=O)CN)[N+](=CC=C2)[O-],0
NSC48964,C1CNC2=C(N1)C=CC(=C2)C3=CC=CC=C3,0
NSC121781,C1=CC(=CC=C1C(=O)C(=O)C2=CC=C(C=C2)N)N,0
NSC269754,CC1CC(=O)OCC23CC(C(=CC2OC4CC(C3(C45CO5)C)OC(=O)C=CC=CC(OCC1O)C(C)O)C)O,0
NSC191454,COC1=CC=CC=C1NC(=O)OC2=CC=CC(=C2)OC(=O)C3=CC=CC=C3,0
NSC91357,CC1=CC=CC=C1OCC(CN2CCN(CC2)C3=CC=C(C=C3)Cl)O,0
NSC11905,CC(=CCC1=C(C2=CC=CC=C2C(=O)C1=O)O)C,0
NSC91529,C1C(C(C(CC1(C(=O)O)OC(=O)C=CC2=CC(=C(C=C2)O)O)O)OC(=O)C=CC3=CC(=C(C=C3)O)O)O,0
NSC109719,C1=CC=C2C(=C1)C=CN3C2=NN=C3Cl,0
NSC5836,CC1=CC(NC(=S)N1C2=CC=CC3=C2C=CC(=C3)S(=O)(=O)O)(C)C,0
NSC372221,CC1=C(C(=CC=C1)C)N2C=NC(=NC2=O)NC,0
NSC361902,CC1CC2C(CC3(C1(CCC3=O)O)C)C(=C)C(=O)O2,0
NSC34794,C1=CC=C(C=C1)C2=NC(=NN2)N,0
NSC19061,CN1C2=NC(=NC(=C2C=N1)NC3=CC=CC=C3Cl)NC4=CC=CC=C4Cl,0
NSC241621,CN(C)S(=O)(=O)NC1=CC(=CC=C1)Br,0
NSC105827,C1=C(C2=C(N=CN=C2N1C3C(C(C(O3)CO)O)O)N)C(=S)N,0
NSC328426,CC1COC2(CC1OC(=O)C=CC3=CC=CC=C3)C4(CO4)C5CCC(CC5O2)C(=O)OC6C(C(C(C(O6)C)O)OC(=O)C)OC7C(C(C(C(O7)C)O)OC(=O)C)O,0
NSC57624,CC1=C(C=CC(=C1)NC(=O)OC(C)C)C2=C(C=C(C=C2)NC(=O)OC(C)C)C,0
NSC142227,CC(=CCOC1=CC2=C(C=C1)C=CC(=O)O2)C3=CC(=O)C(O3)(C)C,0
NSC163920,C1=CC(=CC2=C1C=CC3=C2N=CN3)O,0
NSC7533,CC1C(C(CC(O1)OC2CCC3(C(C2)CCC4C3CC(C5(C4(CCC5C6=CC(=O)OC6)O)C)O)C)O)OC7CC(C(C(O7)C)OC8CC(C(C(O8)C)OC9C(C(C(C(O9)CO)O)O)O)OC(=O)C)O,0
NSC177862,CC(=O)N1C=C(C2=CC=CC=C21)C3CC(=O)OC4=C3CC(=O)C(C4)(C)C,0
NSC20264,C1=NC(=C2C(=N1)N(C=N2)C3C(C(C(O3)COP(=O)(O)O)O)O)N,0
NSC362639,C1=CC=C(C(=C1)C2=NNC(=O)NC2=O)N3C(=O)NC(=O)C(=N3)C(=O)O,0
NSC332294,CCCN1C=C2CC3C(C4=C2C1=CC=C4)CC(C)CN3C,1
NSC7524,CC1CCC2C(C3(C(CC4(C5CCC6C7(C5(CC4(C3CN2C1)O)OC6(C(CC7)OC(=O)C8=CC(=C(C=C8)OC)OC)O)C)O)O)O)(C)O,0
NSC38352,CC(C1=CC=CC=C1)(C(C2CCCCN2)C3=CC=CC=C3)O,0
NSC367487,C#CCSC1=NNC(=N1)C2=CC=CO2,0
NSC146770,C1=CC(=CC=C1C(=O)NC2=CC=C(C=C2)NC3=CC=NC=C3)N,0
NSC20192,CCCCCCCCCCCCC(C(=O)OCC)(C(=O)OCC)NC(=O)C,0
NSC75846,CNC1(CCNCC1)C(=O)N,0
NSC164965,C1=CC(=CC(=C1)Cl)NC(=S)N,0
NSC16813,CC1=CC2=C(C=C1C(=O)C)C(CCC2)(C)C,0
NSC6101,C1CCC(CC1)OC(=O)C2=CC=CC=C2C(=O)OC3CCCCC3,0
NSC14135,CC(=O)C1=C2C(=C(C=C1O)OC)C=CC(O2)(C)C,0
NSC319435,CC1=CC(=CC=C1)NC2=C(C(=O)NC(S2)C3=CC(=C(C=C3)O)OC)C#N,0
NSC289365,C1=CC(=CC(=C1)Cl)C(=O)OC2=CC=CNC2=O,0
NSC175412,CCOC(=O)C1=C2N=CN=C(N2N=C1)SC,0
NSC25740,CSC1=NC=C2C(=N1)N(C=N2)C3C(C(C(O3)CO)O)O,0
NSC285669,COC(=O)NC1=CSC2=C1NC(=O)CCCC2,0
NSC45923,COC1=C2C(=CC3=C1OC=C3)C=CC(=O)O2,0
NSC16873,C1COC(=O)C1=CC2=CC=C(C=C2)O,0
NSC93427,C1=CC=C(C=C1)C2=C(C=C3N2C=CC4=CC=CC=C43)C(=O)N,0
NSC113532,C1=CC=C(C=C1)C(=NC#N)N,0
NSC100880,CCC(C(O)=O)(O)C1=C(CO)C(N2CC3=CC4=CC=CC=C4N=C3C2=C1)=O,0
NSC17055,CC(=O)OC1=CC2=C(C=C1)C=C(C(=O)O2)C3=CC=CC=C3,0
NSC93945,COC1=C(C=CC(=C1)C=C2C(=O)NC(=O)NC2=O)O,0
NSC378711,C1CC1(NC(=O)C2=CC=C(C=C2)Cl)N3CCOCC3,0
NSC47522,C1=CC=C(C(=C1)NC2=CC(=NC(=N2)N)Cl)Cl,0
NSC88883,C1CNCC=C1N2C3=CC=CC=C3NC2=O,0
NSC241619,CN(CC1=CC=CO1)C(=O)NC2=C(C=CC(=C2)[N+](=O)[O-])OC,0
NSC34210,CCC(C)NC(=O)CC(C)C,0
NSC176765,CN(C)C=NC1=CC(=C(C=C1)Cl)Cl,0
NSC50680,COC1=CC=CC=C1NC(=O)C2=CC3=CC=CC=C3C=C2O,1
NSC270916,CC12CCC3C(C1CCC2(C#C)O)CCC4=CC5=C(CC34C)C=NO5,0
NSC320218,CCN1C2=C(C=C(C=C2)NC(=O)NC3=C(C=C(C=C3)[N+](=O)[O-])C)C4=CC=CC=C41,0
NSC283856,CC1(CC(=CC(=S)N1)NC2=CC=C(C=C2)OC)C,0
NSC25457,C1=CC=C(C=C1)C2=C(OC(=N2)C3=NC=CC4=CC=CC=C43)C5=CC=CC=C5,1
NSC134674,C1(=C(C2=NNN=C2C(=C1Cl)Cl)Cl)Cl,0
NSC96979,C1CCN(C1)CCCCC#N,0
NSC13051,CC1=CC(=C(C=C1NC2=C3C=C(C=CC3=NC4=C2C=CC(=C4)Cl)OC)C(C)C)O,1
NSC50690,CCOC1=CC=C(C=C1)NC(=O)C2=CC3=CC=CC=C3C=C2O,1
NSC170637,CC1=CC(=NN=C2C=CN(C=C2C)O)C=CC1=NC,0
NSC339578,C1=C2C(=C(N=C(N2)N)N)C3=CC=NC3=C1,0
NSC265372,CCN(CC)CCN=C1C(=NC(=C(N1O)N)C#N)C,0
NSC58907,CCCCCN1C=NC2=C1NC(=NC2=S)N,0
NSC51351,COC1=CC(=C(C(=C1)OC)C(=O)C=CC2=CC=CC=C2)O,0
NSC99867,C1CCN(CC1)C2=NC3=NN=C(N3C(=N2)N4CCCCC4)C5=CC=CC=C5,0
NSC21034,C1OC2=C(O1)C=C(C(=C2)C=CC(=O)O)[N+](=O)[O-],0
NSC99791,C1CN2CC(=CCO)C3CC2C14C5C3=CCC(=O)N5C6=CC=CC=C46,0
NSC104943,CC=C(C)C(=O)OC1CC2(CO2)C3C(C=C(C3(C4C1C(=C)C(=O)O4)O)C)OC(=O)C,0
NSC35964,CNC(=O)OCN1C(=O)C2CC=CCC2C1=O,0
NSC19063,CSC1=NC(=S)C2=C(N1)NC(=S)N2,0
NSC146769,C1=CC(=CC=C1C(=O)NC2=CC=C(C=C2)NC3=CC=NC=C3)[N+](=O)[O-],0
NSC186067,CCC(CO)NC(=O)C1CN(C2CC3=CNC4=CC=CC(=C34)C2=C1)C,0
NSC177406,CCC(C1C(CC(O1)(CC)C2CCC(C(O2)C)(CC)O)C)C(=O)C(C)C(C(C)CCC3=C(C(=C(C=C3)C)O)C(=O)O)O,1
NSC335504,CC1=C(C=CC=C1Cl)NC2=C(C=CC=N2)C(=O)OCC(CO)O,0
NSC45536,C1=CC=C2C(=C1)C=CC(=C2N=NC3=CC=C(C=C3)F)O,0
NSC96491,CCN1CCCCC(=NO)C(=NO)CCCC1,0
NSC29874,CC1CCCC(C1)(CNC(=O)C)O,0
NSC140873,C1=CNC(=C1)C(=O)C2=C(C=CC(=C2)Cl)NC(=O)CN,0
NSC53874,Cl/C(Cl)=C\C(C(O)=O)N1CCOCC1,0
NSC38490,CCOC(=O)C(=O)CC1=NC2=CC=CC=C2S1,0
NSC60034,CC1=NC(=CC=C1)C(C(C2=CC=CC(=N2)C)O)O,0
NSC162188,C1=C[N+](=CC=C1CC(C(F)(F)F)(C(F)(F)F)O)[O-],0
NSC108783,C1=CC=C2C(=C1)C(=CS2)C=C3C(=O)NC(=O)NC3=O,0
NSC329065,CC1=CC(=C(C=C1)NC(=O)NNC(=O)CSC2CCC3=CC=CC=C23)C,0
NSC343343,C1=CSC(=C1)C(=O)C2=CN=C(C=C2)Cl,0
NSC163802,C1=CC(=CC=C1C(=O)OC2=CC=C(C=C2)[N+](=O)[O-])N,0
NSC319994,CC1=C(C=C(C=C1)NC(=O)NC2=CN=CC=C2)NC(=O)NC3=CN=CC=C3,0
NSC8813,CCN1C2=C(C(=O)N(C(=O)N2C)C)N(C1=O)C,0
NSC337783,CC(C)C12C(O1)C3(CCC4C(C3=CC2=O)(CCCC4(C)C(=O)OC)C)O,0
NSC59814,C1=CC=C2C(=C1)C(C(=O)N2)(C3=CC=C(C=C3)O)C4=CC=C(C=C4)O,0
NSC15372,C1=CC=C2C=C(C=CC2=C1)NC3=CC=C(C=C3)O,0
NSC197049,CCOC(=O)C1=C(SSC1=S)N,0
NSC176736,C1=CC(=C(C=C1C(=O)NC2=CC(=C(C=C2)Cl)Cl)Cl)Cl,0
NSC294161,CC1=C2C(=NN=C(C2=NN1)CC3=CC=CC=C3)C,0
NSC135962,CCCCCCCCCCCCCCCC(=O)OCC1C(C(C(O1)N2C=CC(=NC2=O)N)O)O,0
NSC68841,C1=CC=C(C=C1)C2=CC=C(C=C2)NC(=O)C=CC(=O)O,0
NSC6435,CC1(CCC2C(=C1)CCC3C2(CCCC3(C)C(=O)O)C)C=C,0
NSC80807,C1=CSC(=N1)NC(=O)C=CC(=O)O,0
NSC120290,C1=CC(=CC=C1C2=C(N=NS2)C(=O)N)C3=C(N=NS3)C(=O)N,0
NSC102816,C1=NC(=NC(=O)N1C2C(C(C(O2)CO)O)O)N,0
NSC2952,C1=CC(=CC(=C1)S(=O)(=O)N(CCO)CCO)N,0
NSC15364,C1=CC(=CC=C1N)NC(=O)NC2=CC=C(C=C2)N,0
NSC114449,CN1C(=C(C(=O)N(C1=O)C)N=NC2=CC=C(C=C2)S(=O)(=O)N)N,0
NSC179822,CC1=CC2=C(C3=CC(=C(C=C3O2)OC)OC)C(=O)O1,0
NSC38968,C1CN(CCN1)CCN,0
NSC39984,COC1=CC2=C(C=C1)N=C(C=C2C(=O)O)C3=CC=C(C=C3)Cl,0
NSC163144,C1=CC=C2C(=C1)C(=CN2)C=C(C#N)C(=O)N,0
NSC26112,CC1=CC=C(C=C1)C=C2C(=C(C(=C2Cl)Cl)Cl)Cl,0
NSC88466,CC1=C(C(=O)C(=C(C1=O)O)C2=C(C(=O)C(=C(C2=O)O)C)O)O,0
NSC40306,CC1=C(C=CC2=C1N=C(C=C2C(=O)O)C3=CC=CC=C3)Cl,0
NSC9852,CCC1=C2C3=C(C=C(C=C3)[N+](=O)[O-])NC2=CC=C1,0
NSC69359,C1=CC=C(C=C1)C2(C3=CC=CC=C3C(=O)N2C4=CC=NC=C4)O,0
NSC70534,C1C2=C(C=C(C=C2)N)N=[N+](C3=C1C=CC(=C3)N)[O-],0
NSC215689,CC(=O)NC1=CC=C(C=C1)OC(=O)NC2=C(C=C(C=C2)[N+](=O)[O-])OC,0
NSC166634,CN1C2=NC(=CN=C2C(=N1)N)C(Cl)(Cl)Cl,0
NSC128737,C1=CC=C(C(=C1)C2=NC3=C(N2)C=NC=C3)N,0
NSC303603,C1=C(OC(=C1)[N+](=O)[O-])C=[N+](CCO)[O-],0
NSC101758,COC1C(CC(C(O1)O)NC(=O)C(F)(F)F)O,0
NSC55172,CCOC(=O)C1C(N(C(=O)C1=O)C(C)C)C(=O)OCC,0
NSC78623,C1=CC2=C(C=C1O)C(=O)N(C2=O)C(CCC(=O)N)C(=O)O,0
NSC99792,C1CN2CC3=CCOC4CC(=O)N5C6C4C3CC2(C61C7=CC=CC=C75)O,0
NSC3961,C1=CC=C(C=C1)N2C3=C(C=N2)C(=S)N=CN3,0
NSC785161,CN1CCC2=CC(=C(C3=C2C1CC4=CC5=C(C=C43)OCO5)OC)OC,0
NSC362093,CC1=C(C(=O)C2=C(O1)N(N=C2C)C3=CC=CC=C3)Cl,0
NSC117741,C1=CC(=CN=C1)OC2=C(C=CC=N2)[N+](=O)[O-],0
NSC79010,CC1=CC2=NN=C(N2C(=C1)C)C,0
NSC64672,CN1C2=C(C(=O)N(C1=O)C)NC(=N2)NN=CC3=CC(=C(C=C3)O)OC,0
NSC287495,CC1=C(C(=O)C=CN1)OC(=O)NC,0
NSC116640,C1=CC=C(C=C1)C2=CC(=C(N2)C3=NC=CC4=CC=CC=C43)C#N,0
NSC13800,CN(C)S(=O)(=O)N1C(=O)C2=CC=CC=C2C1=O,0
NSC122750,CC1CC(C(C(C=C(C(C(C=CC=C(C(=O)NC2=CC(=O)C(=C(C1)C2=O)OC)C)OC)OC(=O)N)C)C)O)OC,0
NSC278741,CC1=CC2=NN=C(N2C=C1)C(C)O,0
NSC31208,CCOC1=CC=C(C=C1)C=C2C(=O)NC(=S)N2,0
NSC49252,C=CCNC(=S)NCC=C,0
NSC153365,CN(C(=O)NC1C(COC(C1O)OC)O)N=O,0
NSC61910,CC1=C(C=C(C=C1)NC2=C(N=CNC2=O)O)C,0
NSC10427,CC1=CC=C(C=C1)C=C2CCOC2=O,0
NSC76549,CC1=CC(=C(C=C1N)Cl)NC(=O)C2=CC=CC=C2,0
NSC108750,C1=CC=C(C=C1)C2C3=CC=CC=C3C(=C2C(=O)N)N,0
NSC116397,CN1CCC23CC4(CCC2C1CC5=C3C=C(C=C5)OC)OCCO4,0
NSC91382,CC1=CC=C(C=C1)N2CCN(CC2)CC(COC3=CC=CC(=C3)C)O,1
NSC169566,C1=CN2C(=CNC2=S)C=N1,0
NSC134137,C1=CC=C2C(=C1)C=C(C(=C2N=NC3=CC=C(C=C3)S(=O)(=O)N)O)C(=O)O,0
NSC30238,C(=C(C(=O)O)O)(C(=O)O)O,0
NSC196515,CCCCCC(O)C=CC1C(O)CC(O)C1CC=CCCCC(O)=O,0
NSC34488,CN(C)C1=NC=NC2=C1N=CN2C3=CC=CC=C3,0
NSC637290,CCOC(=O)C(=CC1=CC=CC(=C1)C)C#N,0
NSC294625,CC1=CC(=NN1C(=NC(=O)C2=CC=C(C=C2)[N+](=O)[O-])N)C,0
NSC17148,C1=C(C=C(C(=C1S(=O)(=O)N)N)Cl)S(=O)(=O)N,0
NSC134785,CCCCN1C(=O)CC2C1(OCC2)C,0
NSC349155,C1OC2=C(O1)C=C3C(=C2)C4=CC(C(C(C4NC3=O)O)O)O,0
NSC281245,CCC(C)C(=O)OC1CCC=C2C1C(C(C=C2)C)CCC3CC(CC(=O)O3)O,0
NSC228137,CCOC1=CC=C(C2=[N+](ON=C12)[O-])S(=O)(=O)C3=CC=C(C=C3)C,0
NSC287088,CC12CC3C4(C56C1C(=O)C(O5)(C7CC=C8CC=CC(=O)C8(C7CCC6(C(=O)O4)O)C)OCC2C(=O)O3)C,0
NSC379651,C1=CC=C(C=C1)C2=CC(=O)N3C(=N2)C=C(N3)C4=CC=CO4,0
NSC103770,C1=C(N=NS1)C(=O)NC2=CSN=N2,0
NSC92264,CC1=CC(=O)NC2=CN=CN=C2N1,0
NSC10768,CCOC(=O)C1=C(NC(=C1C)C(=O)OCC)CO,0
NSC122131,C1=CC2=C(C=CC(=C2N=C1)O)C=O,0
NSC58347,CN1C(=O)C(C(=O)NC1=O)N=NC2=CC=C(C=C2)Cl,0
NSC81213,C1=CC(=C(C=C1Cl)[N+](=O)[O-])S(=O)(=O)N,0
NSC75585,C1=CC=C(C=C1)C(=O)C2=CC=CN2,0
NSC190336,C1=CC(=CC(=C1)Br)NCC(=O)NN,0
NSC92892,C1=CC=C(C=C1)C(=O)NC2=C(C=CC(=C2)[As](=O)(O)O)O,0
NSC12666,C1=CC(=CC=C1C(=O)N)C(=O)NC2=CC=C(C=C2)[As](=O)(O)O,0
NSC135381,C1CC2C=CC1C3C2S(=O)(=O)C4C5CCC(C4C3=O)C=C5,0
NSC77913,C1=CC=C(C=C1)C2=CN3C=CC=CC3=N2,0
NSC195327,C1=CC(=CC(=C1)N)C2=CC(=NC=C2)C=NNC(=S)N,0
NSC352890,NC1=NC=NC2=C1NC=C2C3C(O)C(O)C(CO)O3,0
NSC374814,COC1=CC(=C(C=C1)OC)NC(=O)N(CC=C)CC=C,0
NSC23615,C1C(C(OC1N2C=CC(=O)NC2=O)CO)O,0
NSC42846,CC1=NC2=CC=CC=C2N=C1N3CCCC3,0
NSC513815,C1=CC(=CN=C1)C2=NN=C(S2)N,0
NSC30930,C1=CC=C(C=C1)COC2=CC3=C(C=C2)NC(=C3)C(=O)O,0
NSC27389,CC(C)C(=O)C1=CC(=C(C=C1)O)O,0
NSC194243,CN(C)CC1=CNC2=NC=CN=C12,0
NSC352888,CC(C)NCC1CCC2=CC(=C(C=C2N1)[N+](=O)[O-])CO,0
NSC131616,CCC12CCCN3C1C4=C(CC3)C5=CC=CC=C5N4C(C2)(C(=O)OC)O,0
NSC642099,CC(=O)OCC1(CCCC23C1C(C(C45C2CCC(C4O)C(=C)C5=O)(OC3)O)O)C,0
NSC12444,C1C2CC3C1C(C2C(=O)O)C(=O)O3,0
NSC193528,CCOC(=O)C1=C(N(C(=N1)SC)C)C(=O)OCC,0
NSC269756,CC1=CC2C3(CC1O)COC(=O)C4C(O4)(C(COC(C=CC=CC(=O)OC5C3(C6(CO6)C(C5)O2)C)C(C)O)O)C,0
NSC178873,C1COC(=O)C1=COCCCOC=C2CCOC2=O,0
NSC55573,CC(C)CNC(=O)C=CC(=O)O,0
NSC56287,CSC1=NC(=C(C(=N1)Cl)Br)NC2=CNC(=O)NC2=O,0
NSC151262,C1=CC(=CN=C1)C=C(C#N)C2=CC=C(C=C2)Br,0
NSC15776,C1=CC=C(C=C1)C2=CC3=CC=CC=C3N2,0
NSC121268,COC1=CC2=C(C=C1)C3CCN4C(N3CC2)CCC4=O,0
NSC44584,CCCN1C=NC2=C1N=C(N=C2SC3=C(N=CN3C)[N+](=O)[O-])N,0
NSC339594,CC1=CC(=NC(=C1C#N)SC2=NC(=C(C(=C2C#N)C)[N+](=O)[O-])C)C,0
NSC12262,CCOC(=O)N1CCN(CC1)CC2=C(C=CC3=CC=CC=C32)O,0
NSC55453,COC1=CN=C(N=C1NC2=CC=C(C=C2)C#N)SC,0
NSC120286,CC1=C(N=CC=C1)NC(=O)C2=CSN=N2,0
NSC4936,CN1C2=C(C=N1)C(=O)NC(=N2)N,0
NSC123383,COC1=C(C=C(C=C1)C2=CC(=O)C3=C(O2)C=C(C=C3)O)OC,0
NSC126757,C1=CC2=C(C=C1[N+](=O)[O-])NC(=N2)N=C(N)N,0
NSC149046,COC1=CC(=O)C=CC(=C1)NC(=O)CCl,0
NSC89429,C=CCNC(=S)N1CCN(CC1)C2=CC=CC=C2Cl,0
NSC36923,CC12CCC(=O)N(C1=CCC3C2CCC4(C3CCC4(C)O)C)C,0
NSC101789,C1=CC=C(C=C1)C2=CC=C(N2C3=CC=CC=C3O)C4=CC=CC=C4,0
NSC661221,CC1=CC2=C(C=C1)N(C3=C2C=CC4=C3C(=O)C=CC4=O)C,0
NSC366802,CC(C)(C)N1C(=CC(=N1)C2CC2)NC(=O)NC3=CC=CC=C3,1
NSC19824,CC1(C(C2=CC3=CC=CC=C3N=C2C4=CC=CC=C41)O)C,0
NSC329052,CN(C(=O)NC1CCCCC1)NC(=O)C(=O)NCC2=CC=CO2,0
NSC93260,CCN(CC)CCOCC=C,0
NSC4135,C1=CC(=CN=C1)C2=NNC(=C2)[N+](=O)[O-],0
NSC17362,C1=CC=C(C=C1)CC2C(C(=O)C(=O)O2)C3=CC=CC=C3,0
NSC135351,CC1C2C(=CC2(NC1=O)C)C,0
NSC80137,COC1C(CC2CN3CCC4=C(C3CC2C1CO)NC5=C4C=CC(=C5)OC)O,0
NSC103331,CC1=C(SC(=N1)C)C(=O)NN=CC2=CC=C(C=C2)N(CCCl)CCCl,0
NSC40500,COC1=C(C=C(C=C1)CN2CCOC2=O)OC,0
NSC326184,C1OC2=C(O1)C=C(C=C2)C3=NN=C(O3)NC4=CC=C(C=C4)Cl,0
NSC16416,C1CCC(CC1)(C(C2=CC=CC=C2)C(=O)O)O,0
NSC63701,C1=C(C2=C(N=CN=C2N1C3C(C(C(O3)CO)O)O)N)C#N,0
NSC4921,C1=CC=C2C(=C1)C(=O)N(C2=O)C3=NC=NN3,0
NSC85179,C1=CC(=CC(=C1)Cl)N(CCF)CCF,0
NSC5784,C1=CC=C(C=C1)C(=O)NC(=S)N,0
NSC164991,C1C(C(=O)N(C1=O)C2=CC(=C(C=C2)Cl)Cl)SC3=CC=CC=C3N,0
NSC311074,CN1C=NC(=C1SC2=NC=NN2)[N+](=O)[O-],0
NSC33353,CC1=CC(=C2C=C(C=CC2=N1)NC(=O)C=CC3=CC=CC=C3Cl)N,0
NSC11667,CN1C2=NC(=NC(=C2C=N1)NC3=CC=C(C=C3)Br)NC4=CC=C(C=C4)Br,0
NSC288024,CC1=CC=C(C=C1)S(=O)(=O)NC(=O)NC2=NC=CS2,0
NSC43344,C1=CC=C(C=C1)C2=CC(=C(O2)C3=CC=CC=C3)P(=O)(O)O,0
NSC87010,C1CN(CCN1C2=CC=CC=C2Cl)C(=O)C3=CN=CC=C3,0
NSC11470,C1=CN=CC=C1C=CC2=CC=NC=C2,0
NSC326385,C1=CC(=C(C=C1I)Cl)N2C(=O)C=CC2=O,0
NSC91438,CCOC(=O)C(=O)CC1=NN=CC=C1,0
NSC23895,C1CCN(CC1)C2=CC(=C(C=C2)C(=O)O)O,0
NSC57670,C1=CC(=CC=C1C=C(C#N)C#N)C=C(C#N)C#N,0
NSC106464,CC1=CN(C(=O)N(C1=O)CC2=CC=CC=C2)C3CC(C(O3)CO)O,0
NSC187675,C1=CC=C(C=C1)C2=C(C=C(C=C2)[N+](=O)[O-])[As](=O)(O)O,0
NSC347463,CCOC(=O)C1=CSC(=N1)C2=CC=C(O2)COC(=O)C3=CC=CC=C3,0
NSC319990,CC1=C(C=C(C=C1)NC(=O)NC2=NC3=CC=CC=C3S2)NC(=O)NC4=NC5=CC=CC=C5S4,0
NSC120844,CCC(C)N1C(=CC(=O)N1C(C)CC)C,0
NSC311165,CC1(CC2(C(O2)C3(C1)N=NC(=NC4=CC=CC=C4)O3)C)C,0
NSC60377,CCCCCC(=O)N1CCCC1,0
NSC68657,CN1CCCC1C2=CNC(=O)C=C2,0
NSC785162,CN1CCC2=CC3=C(C4=C2C1CC5=C4C(=C(C=C5)OC)OC)OCO3,0
NSC361056,C1=CC=[N+](C(=C1)S(=O)(=O)CC#N)[O-],0
NSC17128,CC(=O)C1CCC2C1(CC(C3(C2CCC4=CC(=O)CCC43C)F)O)C,0
NSC121908,CCCCCOC1=CC=C(C=C1)N2C(=O)C(CNC2=S)C,0
NSC13658,COC1=CC(=CC(=C1OC)OC)C=C2CCOC2=O,0
NSC303294,CC1=NN(C(=O)C1C(=S)SC2CC(=O)NC2=O)C3=CC=CC=C3,0
NSC75885,CC1CCCCC1=NNC2=NC(=CC(=O)N2)C,0
NSC4586,COC1=C(C=C2C(C3COC(=O)C3CC2=C1)C4=CC(=C(C=C4)O)OC)O,0
NSC31698,CC(=O)NC1=C(C2=CC=CC=C2C3=CC=CC=C31)OC,0
NSC151721,CCOC(=O)CCC1(C(=O)CCCCCC=C1C(=O)OC)C(=O)OC,0
NSC179818,C1=CC=C2C(=C1)C=C3C=C(C=CC3=N2)Cl,0
NSC168184,CC1(C)N=C(N)N=C(N)N1C2=CC=CC(CN)=C2,0
NSC11991,CC(C)(C)C1=NN=C2C1C(=O)C3=CC=CC=C32,0
NSC96541,C1=CC=C(C=C1)C(=O)N2C(C=CC3=C2C=CC4=CC=CC=C43)C#N,0
NSC90749,CCN(CC)C1=CC=C(C=C1)C=C2C(=O)NC(=S)NC2=O,0
NSC3716,CC(=O)CCC(=O)O,0
NSC50131,COC1=CC(=CC(=C1OC)OC)C2C(C(C(C3=CC(=C(C=C23)OC)OC)O)(CO)O)C(=O)O,0
NSC31048,CC1C(C(C(C(O1)OC2C(C(C(OC2OC3=CC(=C4C(=O)CC(OC4=C3)C5=CC(=C(C=C5)OC)O)O)CO)O)O)O)O)O,0
NSC215276,CC1=CC(=C(C=C1)C)C(=O)CCC(=O)O,0
NSC119805,C1=CC=C(C(=C1)C=CC=NN=CC2=CC=CC=C2O)[N+](=O)[O-],0
NSC100058,CN1CCC23C=CC(CC2OC4=C(C=CC(=C34)C1)OC)O,0
NSC190501,C1=CC=C(C(=C1)NC(=O)NC2=CC=C(C=C2)Br)Cl,1
NSC43546,CCOC(=O)C1=CNNC1=O,0
NSC276369,CCNC(=O)OC1=CC=CNC1=O,0
NSC27628,CCCCSC1=NC=NC2=C1C=NN2,0
NSC637325,CCOP(=O)(C(=CC1=CC=C(C=C1)[N+](=O)[O-])C#N)OCC,0
NSC285116,CC=C1C2=NC(CS2)C(=O)NC(C3=NC(=CS3)C(=O)NC4C(OC(=O)C5=NC6=C(C=CC(C6O)NC(C(=O)NC(=C)C(=O)NC(=C)C(=O)NC(C(=O)NC7(CCC(=NC7C8=CSC4=N8)C9=NC(=CS9)C(=O)NC(=C)C(=O)NC(=C)C(=O)N)C2=NC(=CS2)C(=O)NC(C(=O)N1)C(C)O)C)C(C)C)C(=C5)C(C)O)C)C(C)(C(C)O)O,0
NSC19509,COC(C1C(O)CCC2C1CC3C4=C(C5=CC=CC=C5N4)CCN3C2)=O,0
NSC60373,CCCCCC(=O)N1CCCCC1,0
NSC653004,COC1=C(C=C2C(NCCC2=C1)C3(CCCCC3)O)OC,0
NSC319079,CCOC1=C(C(=C2C(=C1)C(=NC=N2)Cl)OCC)OCC,0
NSC89723,COC1=CC(=C(C=C1N)OC)S(=O)(=O)N,0
NSC14664,C1=NC2=C(N1)C(=O)NC(=O)N2,0
NSC14540,CC1CC(OP(=O)(O1)OCCC#N)C,0
NSC51093,C1=C(NC(=O)NC1=O)C2=NNN=N2,0
NSC16631,C1=CC(=C(C=C1C(=O)O)O)O,0
NSC601351,CC1C(N1CC(CN2C=CN=C2[N+](=O)[O-])O)C,0
NSC250430,CC(=CCC1=C(C=CC2=C1OC3C2COC4=C3C(=C5C=CC(OC5=C4)(C)C)OC)O)C,0
NSC785189,CN1CCC2=CC(=C(C3=C2C1CC4=CC(=C(C=C43)OC)O)OC)OC,0
NSC47147,CCCCCC1=C(NC(=C1)C=C2C(=CC(=N2)C3=CC=CN3)OC)C,1
NSC75786,C1=CC=C(C=C1)N2C(=CC=N2)N,0
NSC645987,C1=CN(N=C1)C2=CC(=C(C=C2O)N3C=CC=N3)O,0
NSC2347,C(C(CC(=O)O)C(=O)O)C(=O)O,0
NSC54834,CC1=NC(CC2C1C(CC2)O)(C)C,0
NSC145118,CC1C2CC(C=CC(=CCC(C=CC(=CC(C(C1=O)(C(=O)O2)C)NC(=O)C(=O)C)C)O)C)O,0
NSC45383,CC1=C(C(=C(N=C1C(=O)O)C2=NC3=C(C=C2)C(=O)C(=C(C3=O)N)OC)N)C4=C(C(=C(C=C4)OC)OC)O,0
NSC311727,C1=CN=CN=C1SC2=NC=C(S2)[N+](=O)[O-],0
NSC2561,C1C(C(C(C(O1)OCC2=CC=CC=C2)O)O)O,0
NSC123458,C1=CC=C2C(=C1)C=CC3=CC=CC=C3N2,0
NSC11141,CC(C)(C1=CC=CC=C1)C(=O)N,0
NSC76350,C1=CC=C(C(=C1)CC(C(=O)O)N2C(=O)C3=CC=CC=C3C2=O)N(CCO)CCO,0
NSC79404,CC1C2CC(=O)OC3C2(C(C(=O)C1O)C4(C(C3)C(=CC(C4O)O)C)C)CO,0
NSC85331,CN(C)P(=O)(N1CC1)N(C)C,0
NSC105388,CCCCCC(C1C(CC(CC(CC(CC(CC(C(C(C(=CC=CC=CC=CC=CC(C(OC1=O)C)O)C)O)O)O)O)O)O)O)O)O,0
NSC62375,CC1CN(C(CN1C=O)C)CCN2CC(N(CC2C)C=O)C,0
NSC26980,CC1=C(C(=O)C2=C(C1=O)N3CC4C(C3(C2COC(=O)N)OC)N4)N,0
NSC129230,CC1C(=C)C(=O)OC2CCN3C2C(=CC3)COC(=O)C(C14CO4)(C)O,0
NSC3071,CC1=CC(=O)C(=CC1=O)OC,0
NSC58724,C1=CC=C(C=C1)NN2C(=O)C3C4C=CC(C3C2=O)O4,0
NSC45719,CSC1=NC(=CC(=O)N1)Cl,0
NSC34012,CC(C)CC1=NN=C(S1)N,0
NSC156516,C1=CC=C(C=C1)SC2=CC=CC3=C2C(=O)C4=C(C3=O)C=CC=C4SC5=CC=CC=C5,0
NSC137112,CN1C2C3C4C(C1C5=CC=CC=C5C2C(N4C)C6=CC=CC=C36)[N+](=O)[O-],0
NSC27305,CC1(OC2C(OC(C2O1)N3C=NC4=C3NC=NC4=S)CO)C,0
NSC36586,C1=CC(=CC=C1C2=COC3=CC(=CC(=C3C2=O)O)O)O,0
NSC169409,CC(CN1CCOCC1)OC(=O)C2=CC(=C(C(=C2)OC)OC)OC,0
NSC133195,CNC(=O)NC1=CC=C(C=C1)S(=O)(=O)N,0
NSC8797,CC(CCC(=O)O)C1CCC2C1(C(CC3C2CCC4C3(CCC(C4)O)C)O)C,0
NSC19487,C1CCC(C1)N2C=NC3=C2NC=NC3=S,0
NSC133002,C1COP(=O)(CO1)OC2=CC=C(C=C2)[N+](=O)[O-],0
NSC14767,CCSC1=NC=C(C(=N1)N)CO,0
NSC757,CC(=O)NC1CCC2=CC(=C(C(=C2C3=CC=C(C(=O)C=C13)OC)OC)OC)OC,0
NSC83345,C1CNC(C2=C1NC=N2)C3=CC=CC=C3,0
NSC46385,C1=CC=NC(=C1)CSC2=NC(=NC3=C2N=CN3C4C(C(C(O4)CO)O)O)N,0
NSC3753,CC1=CC=C(C=C1)S(=O)(=O)OC2=NC3=C(CCC3)C(=C2)N,0
NSC133071,CC1(C)N=C(N)N=C(N)N1C2=CC(Cl)=C(OCCCOC3=CC=CC=C3)C=C2,0
NSC331208,C1=CC=C(C=C1)NC2=NNC(=N2)N,0
NSC274905,C1=CC=C2C=C(C=CC2=C1)C3=CN=CN=C3N,0
NSC284234,COC1=CC=C(C=C1)C(=O)OC2=CC=CNC2=O,0
NSC261610,CC(C)NC1=CC=C(C=C1)NC(=O)C(=C)C,0
NSC3590,O=C1NC(N)=NC2=C1N(C=O)C(CNC3=CC=C(C(NC(C(O)=O)CCC(O)=O)=O)C=C3)CN2,0
NSC26744,C1=CC=C(C=C1)C2=CC(=O)C3=C(O2)C=CC(=C3)O,0
NSC100120,CC1=C(C=CC(=C1)N2C=NC3=C2N=CNC3=O)N,0
NSC100942,CC(=O)NC1=CC=C(C=C1)S(=O)(=O)N=S(C)C,0
NSC91397,C1CN(CCN1CC(COC2=CC=CC3=CC=CC=C32)O)C4=CC=C(C=C4)Cl,0
NSC305780,NC1=NC(N)=NC(C=C2)=C1C=C2SC3=CC4=CC=CC=C4C=C3,0
NSC127216,CSC1=NSC(=N1)NN,0
NSC118628,CC(=O)OC1C=CCC2C1C(C3=C(C2=O)C=CC=C3O)O,0
NSC59984,CN1CCN(CC1)C(=O)C=CC2=CC=C(O2)[N+](=O)[O-],0
NSC46615,CNC1=C2C=NN(C2=NC=N1)C3CCCCO3,0
NSC88962,COC1=C(C(=C2C(=O)COC2=C1)OC)O,0
NSC191029,CCCCC(=O)N1CCCC(C1)C,0
NSC152551,CN1C2=CC=CC=C2C=C1C(=O)C3=CC=NC=C3,0
NSC689002,C1=CC=C2C(=C1)C(=O)C3=C(S2(=O)=O)C=C(C=C3)C(=O)N,0
NSC102025,CCCCCC1=CC(=O)NC(=S)N1,0
NSC14506,CCCCOP(=O)(C1(CC(=O)CC(C1)(C)C)C)OCCCC,0
NSC112975,CN1CCC2=CC3=C(C=C2C1)OCO3,0
NSC407282,C1C2CNCC1C3=CC=CC(=O)N3C2,0
NSC157035,CC1=CCCC2(C(O2)C3C(CC1)C(=C)C(=O)O3)C,0
NSC21725,C1CCN2CC3CC(C2C1)CN4C3=CC=CC4=O,0
NSC109747,CC1=CC(=O)C2=C(N1)C=CC(=C2)C(=O)C3=CC=CC=C3,0
NSC41098,C1=CC=C(C=C1)CCNC2=C(C(=O)C3=CC=CC=C3C2=O)Cl,0
NSC1620,C1=COC(=C1)CNC2=NC=NC3=C2C=NN3,0
NSC140892,C1=CC=C(C=C1)NC(=S)NC2=CC=C(C=C2)O,0
NSC153172,COC1=C(C=CC(=C1)N=NC2=CC=CC=C2C(=O)O)O,0
NSC34871,CC(=O)NC1=CC=C(C=C1)[As](=O)(C2=CC=C(C=C2)[N+](=O)[O-])O,0
NSC785156,C1CNC2=CC3=CC=CC=C3C4=C2C1=CC5=C4OCO5,0
NSC62709,CC1=C(C(=C(N=C1C(=O)O)C2=NC3=C(C=C2)C(=C(C4=NC(N=C34)(C)C)OC)O)N)C5=C(C(=C(C=C5)OC)OC)O,0
NSC133114,C1=NC(=C2C(=N1)N(C=N2)C3C(C(C(O3)COS(=O)(=O)N)O)O)N,0
NSC228150,CC1=CC=C(C=C1)S(=O)C2=CC=C(C3=NON=C23)[N+](=O)[O-],0
NSC8973,CC(C)C1CCC(C1)(C)C(=O)O,0
NSC33010,CC(C)C1=CC=C(C=C1)C2=NC3=CC=CC=C3S2,0
NSC321484,CC1=NN=C(S1)N2C=CC=C2,0
NSC40614,C1=CC=C(C=C1)C=C(C2=CC=CC=C2)C(=O)O,0
NSC279895,CCCCCC(=O)C(=O)C1=C(C=C(C=C1)O)O,0
NSC281383,CCOC(=O)NC1=CC2=C(C=C1)N=C(S2)N3CCCCCC3,0
NSC112203,CC1=CC(=C(C=C1C)NC2C(C(C(O2)CO)O)O)C(=O)OC,0
NSC59430,CSC1=NC(=C(C(=O)N1)NC2=CC(=CC=C2)Cl)O,0
NSC211340,C1=CC=C(C(=C1)CSC2=NC3=C(C(=O)N2)NC=N3)[N+](=O)[O-],0
NSC330917,C1C(C(C(O1)N2C=NC3=C(N=CN=C32)N)O)O,0
NSC47617,C1C2(COC(O1)C(=O)O)COC(OC2)C(=O)O,0
NSC408734,C1=CC(=CC=C1C(=O)O)N=NC2=C(N=C(N=C2N)N)N,0
NSC373981,C1=CC=C2C(=C1)C=CC3=C2C(=C(O3)[N+](=O)[O-])CCO,0
NSC269905,CN1C(=CN=C1C2=CC=CC=C2)CO,0
NSC299967,CCOC(=O)CC1=CSC2=NC(=NN12)C3=CC=CC=C3,0
NSC216606,C1=CC(=CC=C1NC(=O)OCCOC2=CC=C(C=C2)Br)F,0
NSC102288,C1C=CC2C1C3CC2C(=NNC(=O)N)C3,0
NSC105432,C1CCC(C1)(C(=O)O)NC2=CC=C(C=C2)S(=O)(=O)N,0
NSC636718,COC1=CC=CC(=C1)C=C2CCC3=CC=CC=C3C2=O,0
NSC87084,COC1=CC(=CC(=C1OC)OC)C(C2=NC3=CC=CC=C3S2)O,0
NSC89759,COC1=CC=C(C=C1)CC(=O)C2=C(C=C(C=C2)O)O,0
NSC174084,CC(=O)NC1=CC(=C(C2=C1N=CC=C2)Br)OC,0
NSC26258,CC(=C)C1CC2=C(O1)C=CC3=C2OC4COC5=CC(=C(C=C5C4C3=O)OC)OC,0
NSC42096,C1=CC(=CC(=C1)[As](=O)(C2=CC=CC(=C2)O)O)O,0
NSC98026,CC(=CCC1=C(C(=O)C2=CC=CC=C2C1=O)OCC(=O)O)C,0
NSC102509,C1=CC2=C(C(=C1)Cl)NC=CC2=O,0
NSC42038,CC1C2CCC3(C=CC(=NO)C(=C3C2OC1=O)C)C,0
NSC43506,CCC1CN1P(=O)(N2CC2CC)OC3=CC=C(C=C3)Cl,0
NSC279834,CC1=C(C(C(=C(N1)C)C#N)(C)C)C#N,0
NSC213708,CC1=CC(=NO1)NC(=O)NC2=C(C=CC(=C2)F)F,0
NSC49852,C1=CC(=C(C=C1[As](=O)(C2=CC(=C(C=C2)O)[N+](=O)[O-])O)[N+](=O)[O-])O,0
NSC785174,CN1CCC2=CC(=C(C3=C2C1CC4=CC=C(C=C4)OC5=C6C(CC7=CC=C(O3)C=C7)N(CCC6=CC(=C5OC)OC)C)OC)OC,0
NSC25368,CC(C)OC1CCCC(C1CC(=O)O)O,0
NSC156571,CC1(CC(=O)CC(N1O)(C)C)C,0
NSC366801,CC(C)(C)N1C(=CC(=N1)C2CC2)NC(=O)NC3=CC=C(C=C3)Cl,0
NSC31754,C1=CC=C2C(=C1)C(=O)C3=CC(=C(C(=C3C2=O)O)O)O,0
NSC785182,CN1CCC2=CC3=C(C4=C2C1CC5=C4C(=C(C=C5)O)OC)OCO3,0
NSC154587,CC(C)C1=CC(=NC2=NC(=NN12)N)C(C)C,0
NSC18415,CC(=CC(=O)C)NC1=CC=CC=C1O,0
NSC14974,CC1C2C(C(=O)OC3C24COC(C1O)(C4C5(C(C3)C(=CC(C5O)O)C)C)O)O,0
NSC400938,CC1=CC=C(C=C1)N=NC2=C(C=CC3=NNN=C32)O,0
NSC176503,CC1C2C=CC(=O)C2(C(C3C(C(=O)OC3C1O)C)OC(=O)C=C(C)C)C,0
NSC48422,C1=CC=C2C(=C1)C=CC(=C2CN)O,0
NSC23878,COC1=CC(=O)OC(C1)CCC2=CC3=C(C=C2)OCO3,0
NSC503425,C1=CC2=C(C=C1Cl)SC(=S)N2,0
NSC117987,C1=CC=C(C=C1)SC2=C(C=CC3=C2C(=O)C4=CC=CC=C4C3=O)C(=O)O,0
NSC72942,C1CC(=NC1C(=O)NCCC(=N)N)N,0
NSC15571,C1=CC=C(C(=C1)C(=O)O)[As](=O)(O)O,0
NSC289748,CC1=CSC(=[N+]1[O-])N=NC2=CC=C(C=C2)N(C)C,0
NSC42231,CC1CC(NC2(N1)CCCC2)(C)C,0
NSC6844,C1=CC=C(C=C1)C2=CC(=O)C(C(=O)O2)C(=O)C3=CC=CC=C3,0
NSC33738,C1=CC=C(C(=C1)C(=O)N)OCC(=O)NC2=CC(=C(C=C2)Cl)Cl,1
NSC302979,CC(=O)OC1CCC2(C(C1(C)C)CC(C3=CC(CCC2=O)C(=C)C3=O)O)C,0
NSC83439,CC12CCC(=O)C(C1CCC34C2CCC(C3)C(C4)C(=O)O)(C)CO,0
NSC379696,CC1=C(C(=NO1)C2=C(C=CC=C2Cl)Cl)C(=O)NNC(=NS(=O)(=O)C3=CC=CC=C3)SC,0
NSC255112,CC1CC(C(C(C=C(C(C(C=CC=C(C(=O)NC2=C(C(=O)C(=C(C1)C2=O)OC)C=NN3CCOCC3)C)OC)OC(=O)N)C)C)O)OC,0
NSC350085,COC1=CC2=C(C=C1)C3COC4=C(C3O2)C=CC(=C4)O,0
NSC56779,O=C(O)C(C=C1)=CC=C1NCC2=NC3=CC=CC=C3N2,0
NSC660300,C1CC(=O)N(C(=O)C1)C2=C(C=C(C=C2)[N+](=O)[O-])N,0
NSC679525,CC1=CC=C(C=C1)S(=O)(=O)N2C(=CC3=C2C(=O)C(=O)C4=C3C(=CN4)C(=O)OCC5=CC=CC=C5)C(=O)OC,0
NSC17355,CCOC(=O)C1=C(N=C(C(=C1C2=CC=C(C=C2)OC)C(=O)OCC)C)C,0
NSC147829,C1CNC(=O)C2=C1C3=CC=CC=C3N2,0
NSC76627,CCC(CC1CCCC2(O1)CC3C(C(O2)CC4(C(CC(O4)(C)C)C=CCCCCCC(C(C(C(C(C(C(C=CC(=O)O3)(C)O)O)C)O)OC5CCC(C(O5)C)N(C)C)O)(C)O)O)C)O,0
NSC50633,CC(=O)CC(=O)NC1=C(C=C(C=C1)OC)OC,0
NSC131388,CN1CCN(CC1)C2=NC(=CC(=O)N2)N,0
NSC96996,CC1=CC=CC=C1N2C(=NC3=CC=CC=C3C2=O)C=CC4=CC=CC=N4,0
NSC308849,C1CCN(C1)CCN2C(=O)C3=CC=CC4=CC(=CC(=C43)C2=O)N,0
NSC204262,C=CCNC(=S)NC1=CC=C(C=C1)OC(=O)NC2=CC(=C(C=C2)Cl)Cl,1
NSC636717,COC1=CC=CC=C1C=C2CC3=CC=CC=C3C2=O,0
NSC379468,CC1=NC=C(C=C1)NC(=O)NC2=C(C=CC=C2Cl)Cl,0
NSC92849,CC12C3CCC(C1(C(=O)N(C2=O)C4=NC=CS4)C)O3,0
NSC288519,C1=CC=C(C=C1)OC2=NC(=O)N3C=CC=NC3=N2,0
NSC7436,CC(C)(C)C1=CC=C(C=C1)NS(=O)(=O)C2=CC=C(C=C2)N,0
NSC248605,CC(C1C2=C(C(=O)CC1(C)O)C(=O)C3=C(C2=O)C=CC(=C3O)C4=C(C5=C(C=C4)C(=O)C6=C(C5=O)C(=O)CC(C6C(C)OC(=O)C)(C)O)O)OC(=O)C,0
NSC372769,C#CC1=CC(=CC=C1)NC(=O)C2=C(C=C(C=C2)Cl)Cl,1
NSC661755,CC1CC2=C(C(=CC(=C2C(N1)C)O)O)C3=CC(=C(C4=C3C=C(C=C4OC)C)O)C5=C(C6=C(C=C(C=C6OC)C)C(=C5)C7=C8CC(NC(C8=C(C=C7O)O)C)C)O,1
NSC266071,CC1CC2C(CC3(C1C(C(C3OC(=O)C)OC(=O)C)OC(=O)C)C)C(C(=O)O2)C,0
NSC329284,COC(=O)C1=CC(=O)N2CCN=C2S1,0
NSC75241,CC1=C(C(=O)N(C(=O)N1)C(C)C)Br,0
NSC155703,C1=CC=C2C(=C1)N=NN2C3=CC=NC=C3,0
NSC34865,C1=CC(=CC=C1N)[As](=O)(C2=CC=C(C=C2)[N+](=O)[O-])O,0
NSC228155,C1=CC=[N+](C(=C1)SC2=CC=C(C3=NON=C23)[N+](=O)[O-])[O-],0
NSC59782,CN1CN(C(=C1C2=CC=NC=C2)C3=CC=NC=C3)C,0
NSC43805,CN1C=NC(=C1N=C(N)N)[N+](=O)[O-],0
NSC164880,COC1=CC=CC(=C1OC)C=CC2=NC=CC3=CC=CC=C32,0
NSC124146,CC1CNC2(N1)C3=CC=CC=C3N(C2=O)C(=O)C,0
NSC23247,CC1=CC=C(C=C1)N2C(=NN=N2)C3=CN=CC=C3,0
NSC130847,C1=CC=C(C=C1)C2=NC3=CC=CC=C3C(=C2)C4=NNC(=O)O4,0
NSC131982,CCCNC(=S)NC1=CC=CC=C1,0
NSC341956,CC(=O)OC1=C(C=C2C(=C1)CC(N2)(C)C(=O)OC)OC(=O)C,0
NSC166900,C1=C(NN=C(C1=O)CO)CO,0
NSC256942,CC1C(C(CC(O1)OC2CC(CC3=C2C(=C4C(=C3O)C(=O)C5=C(C4=O)C(=CC=C5)OC)O)(C(=O)CO)O)N)O,0
NSC63963,CCC(N)CC1=CNC2=CC=CC=C21,0
NSC41805,C1=CC=C2C(=C1)N=CC(=N2)NS(=O)(=O)C3=CC=C(C=C3)N,0
NSC79559,CC1=CC=C(C=C1)N=NC2=CC=C(C(=O)C=C2)OC(=O)C(=C)C,1
NSC109528,COC(=O)C1=CC=CC=C1NCCO,0
NSC105348,COC1=C(C=C(C(=C1)CC(=O)C2=CNC3=CC=CC=C32)Cl)OC,0
NSC30260,CCOC1=CC2=C(C=C1)SC(=N2)NS(=O)(=O)C3=CC=C(C=C3)N,0
NSC36520,CC(C1=NC2=C(N1C)C(=O)N(C(=O)N2C)C)O,0
NSC44175,C1=CC=C(C=C1)C2=C(C(=O)C(=C(C2=O)O)C3=CC=CC=C3)O,0
NSC292567,CC1CCC(OC1C(C)C(=O)O)CC2CC(C(C3(O2)C(CC(O3)(C)C4CCC(O4)(C)C5C(CC(O5)C6C(CC(C(O6)(CO)O)C)C)C)C)C)OC,1
NSC509563,C1=CC=C(C=C1)NC(=S)NC2=CC=C(C=C2)N,0
NSC50688,COC1=CC(=C(C=C1NC(=O)C2=CC3=CC=CC=C3C=C2O)OC)Cl,1
NSC379697,C1=CC=C(C(=C1)NC2=C(C(=O)NC(S2)C3=CC=NC=C3)C#N)Cl,0
NSC29073,CC(C)(C)C(=O)NC1=CC=C(C=C1)NC(=O)C(C)(C)C,0
NSC60266,CCOC(=O)C1=CN=C(NC1=O)SCC,0
NSC293962,CN1CCN(CC1)S(=O)(=O)C2=C(C=CN=C2)N3CCN(CC3)CC=C,0
NSC106863,C1=CC=C(C=C1)N=NC2=C(C=C(C=C2)O)C(=O)O,0
NSC19848,C1CCC2=C(C1)N=C3CCCCC3=N2,0
NSC97865,C1C(OC(=S)N1)COC2=CC=CC(=C2)C(F)(F)F,0
NSC106461,C1=CC=NC(=C1)C2=NN=C(S2)C3=CC=CC=N3,0
NSC12588,CCCCN1CCNC1=S,0
NSC316458,C1=C(C(C(C1N2C=NC3=C(N=CN=C32)N)O)O)CO,0
NSC289090,C1CN(CC=C1C2=CC=C(C=C2)Cl)C=NC#N,0
NSC122276,C1C(=O)NC2=C(O1)C=CC=N2,0
NSC160005,C1CCC(CC1)NC2=NCCO2,0
NSC78697,C1=CC=C2C(=C1)N=C3C4=C(C=CC(=C4)[N+](=O)[O-])NC3=N2,0
NSC165704,C1CC2=C(C(=CC=C2)NC(=O)C3=CC=CO3)N(C1)C(=O)C4=CC=CO4,0
NSC55770,C1=CC=C2C(=C1)C(=CC=C2Cl)C(=O)N,0
NSC7535,CC1C(C(CC(O1)OC2CCC3(C(C2)CCC4C3CCC5(C4(CC(C5C6=CC(=O)OC6)O)O)C)C)O)OC7CC(C(C(O7)C)OC8CC(C(C(O8)C)OC9C(C(C(C(O9)CO)O)O)O)OC(=O)C)O,0
NSC169458,CC(C#C)OCC1CNC(=S)O1,0
NSC16162,CCNC1=CC=CC=C1C(=O)O,0
NSC164208,CCCCNC(=O)NC1=CC=CC=C1CC,0
NSC382796,CC1(C(=O)N2C(N1C(=O)OCC3=CC=CC=C3)C4(CC(C(=O)O4)N5C(=O)C6=CC=CC=C6C5=O)C7=CC=CC=C72)C,0
NSC8816,CCCOC1=NC2=C(N1C)C(=O)N(C(=O)N2C)C,0
NSC122376,CC1(CCC(=O)O1)C2=CC3=CC=CC=C3C=C2,0
NSC128068,CC1=C(C2=C(C=C1)C=CC(=C2)C#N)O,0
NSC177365,O=[N+]([O-])C1=CC2=NC3=CC=CC=C3C(NC4=CC=C(NS(=O)(CCC/N=C(N)\N)=O)C=C4)=C2C=C1,0
NSC95204,CCCOP(=S)(NC1=NC(=CC(=O)N1)N)OCCC,0
NSC191441,CC1=CC=CC=C1NC(=O)OC2=CC=CC(=C2)OC(=O)C3=CC=CC=C3,0
NSC46212,CC1=C(C=C(C=C1)C(C)C)NC(=O)NC2=CC=CC=C2OC,0
NSC240029,CCOC(=O)C=CC1=NC(=C(C(=O)N1)C)C(=O)OCC,0
NSC284437,CC1(CC23C4CCC1C2CC(=O)C3COC4=O)C,0
NSC380279,CN1C(=CN=C1N2CCN(C2=O)C3=NN=CS3)[N+](=O)[O-],0
NSC342459,CCOC(=O)CN1C(=C2C(=C(C(=O)OC2=N1)CCN3CCN(CC3)C4=CC=CC=C4OC)C)C,0
NSC99663,CN1C2=C(C(=O)N(C1=S)C)NC(=N2)SCC3=CC=CC=N3,0
NSC138398,CCCN(CCC)CC(=O)N1CC(=O)NC2=CC=CC=C21,0
NSC310325,CC1=C(C(=CC=C1)Cl)N=C2N(C3(CCCCC3)C(=C)S2)C(=O)C4=C(C5=CC=CC=C5S4)Cl,0
NSC44138,C(C1C(C(C(C(O1)OP(=O)(O)O)O)O)O)O,0
NSC246999,C1=CC=C(C=C1)C2=NC(=CC(=C2)C3=CC=CS3)C4=CC=C(C=C4)F,0
NSC98683,CC1=NNC2=C(C(=O)NC(=O)N12)[N+](=O)[O-],0
NSC295404,C1C(SC2=NC(=O)C=CN21)C3=CC=CC=C3,0
NSC44688,CCOC(=O)C1=NN(C=C1O)C2=CC=CC=C2,0
NSC180515,CC(=O)C1CCCC(=O)C=CC(=O)O1,0
NSC10173,CCOC(=O)C1CC2=CC(=C(C=C2C(=O)C1)OC)OC,0
NSC84100,C1=CC=C(C=C1)C2=CC3=C(C=C2)OC(N3)C4NC5=C(O4)C=CC(=C5)C6=CC=CC=C6,0
NSC19219,C1=CC(=CC=C1C=CC2=NC=CN=C2)O,0
NSC110332,CCOC1=CC=C(C=C1)NC(=O)N(C2(CCCCC2)C#N)O,0
NSC54260,C1=C2C(=NC(=N1)N)N=C(N2)N,0
NSC154316,C1=NN2C(=N1)NC(=O)NC2=O,0
NSC374703,C1CCC(=CC1)OP(=O)(C2=CC=CC=C2)C3=CC=CC=C3,0
NSC288686,C1=CC=C2C(=C1)C(=CN=C2C#N)Cl,0
NSC14304,CCCC1=NC2=C(N1)C(=O)N(C(=O)N2C)C,0
NSC14665,C1=NC2=C(N1)C(=O)NC=N2,0
NSC522131,C1=CC=C(C(=C1)NC(=O)NC2=CC(=C(C=C2)Cl)Cl)O,1
NSC9441,C1=C(C(=C(C(=C1Cl)[N+](=O)[O-])Cl)[N+](=O)[O-])Cl,0
NSC50858,C1CCC(CC1)C2=C(ONC2=O)N,0
NSC153858,CC1C2CC(C(C=CC=C(CC3=CC(=C(C(=C3)OC)Cl)N(C(=O)CC(C4(C1O4)C)OC(=O)C(C)N(C)C(=O)C)C)C)OC)(NC(=O)O2)O,0
NSC41649,C1=CC=C(C=C1)CNCC(CCl)C2=CC=CC=C2,0
NSC130872,COC1=CC=C(C=C1)C(=CC2=CC=CC=N2)C#N,0
NSC145992,C1COCCN1C(=O)COC2=C(C=C(C=C2)[N+](=O)[O-])Cl,0
NSC71097,C1=CC=C2C(=C1)C=CC(=N2)C=CC(=O)C3=C(C=CC(=C3)Cl)O,1
NSC373427,CN(C)S(=O)(=O)C1=CC(=C(C=C1)N)[N+](=O)[O-],0
NSC116565,CC1=NC2=C(S1)C(=O)N(C(=O)N2)O,0
NSC7616,C(C(=CC(=O)O)C(=O)O)C(=O)O,0
NSC81915,NC1=NC(NC2=CC=C(Br)C=C2)=NC=C1N,0
NSC36317,COC1=CC=C(C=C1)NC(=O)N2CCN(CC2)C(=O)NC3=CC=C(C=C3)OC,0
NSC372134,CC1=C(C=C(C=C1)Cl)NC(=O)N(C)CCO,0
NSC369066,C1=CC(=CC(=C1)[N+](=O)[O-])C2=C(N3C=CC=NC3=N2)N=O,0
NSC29200,CC1=C(C(=NC(=N1)NC2=CC=C(C=C2)F)NC3=CC=C(C=C3)F)[N+](=O)[O-],0
NSC10428,COC1=CC=C(C=C1)C=C2CCOC2=O,0
NSC305743,C1=CC=C(C(=C1)C2=NC(=NO2)C3=CC=NC=C3)Cl,0
NSC151901,C#CCCOC(=O)NC1=CC=CC=C1,0
NSC173101,C1CCC2=C(C1)NC(=O)C(=N2)C(=O)N,0
NSC319034,CC(C)(C)CC(C)(C)N1CNC(=S)NC1,0
NSC345850,COC(=O)N1C2CCCCC2=NN(N1C(=O)OC)C3=CC=CC=C3,0
NSC22881,CC1C(O1)C2=CC=C(C=C2)C3=CC=C(C=C3)C4C(O4)C,0
NSC155698,C1=CC=C2C(=C1)NC3=C(S2)C=NC=C3,0
NSC197046,C1=CN(C(=O)NC1=O)CC(=O)NC2=NC=CS2,0
NSC210816,C1=CC(=CC(=C1)[N+](=O)[O-])C(=O)NC2=CN=CC=C2,0
NSC308814,C1=CC=C2C(=C1)C(=CC3=CN=CC=C3)C4=CC=CC=C4C2=O,0
NSC20618,CC1=NC(=CC=C1)NC(=S)NC2=CC=CC(=N2)C,1
NSC216618,CN1CCN(CC1)C(=O)NC2=CC(=CC=C2)SC,0
NSC351110,COC1=C(C=[N+](C=C1)[O-])C(=O)OC,0
NSC34875,C1C(OC2=CC(=CC(=C2C1=O)O)O)C3=CC=C(C=C3)O,0
NSC85239,CC1CCC2C(C3(C1(C=CC3=O)O)C)OC(=O)C2=C,0
NSC205909,CCOC1=CC=C(C=C1)NC(=S)NC(=O)C2=CC=CO2,0
NSC126837,CC1=CC=C(C=C1)S(=O)(=O)CCOC(=O)CNC(=O)OCC2=CC=CC=C2,0
NSC17796,C1=CC=C2C(=C1)C(=S)C=NN2,0
NSC26349,CC1(C2CCC(C2)(C1OC(=O)C3=CC=CC=C3C(=O)O)C)C,0
NSC8661,C1C2=CC(=C(C=C2C3C1(COC4=C3C=CC(=C4)O)O)O)O,0
NSC320301,COC1=C(C(=C2C(=C1)CCC(C3=CC(=O)C(=CC=C32)SC)NC(=O)C(F)(F)F)OC)OC,0
NSC13345,C1=CC=C(C(=C1)C(=O)O)NC(=O)CSC(=O)N,0
NSC166547,C1CC2=NC3=C(N2C1)N=C(C(=N3)Cl)Cl,0
NSC62901,CC(=O)NC1=CC=C(C=C1)[As](=O)(O)O,0
NSC46709,CC(C)CC(C(=O)O)N,0
NSC120289,CCOC(=O)C1=C(SN=N1)C2=CC=C(C=C2)C3=C(N=NS3)C(=O)OCC,0
NSC265450,CC1C(C(C(C(O1)OC2CC(CC3=CC4=C(C(=C23)O)C(=O)C5=C(C=C6C(=C5C4=O)OC7C(C(C(C6(O7)C)O)N(C)C)O)O)(C)O)OC)(C)OC)OC,0
NSC7950,C1=CC=C(C=C1)C2=CC(=C(C=C2)O)N,0
NSC26327,CC1(CCC2=C(O1)C(=O)C3=CC=CC=C3C2=O)C,0
NSC342460,CN1C=CC(=C[N+](=O)[O-])N(C1=O)C,0
NSC637086,CC(=O)CCCCN1C(=O)C2=C(N=CN2C)N(C1=O)C,0
NSC261037,COCC(CN1C=CN=C1[N+](=O)[O-])O,0
NSC282187,C1=CNC(=O)C(=C1)OC(=O)NC2=CC=C(C=C2)F,1
NSC401077,C1=CC=C2C(=C1)C(=O)N(C2=O)C(CC3=CNC4=CC=CC=C43)C(=O)O,0
NSC319029,COC1=C(C=C(C=C1)CCNC2(CCCCC2)C#N)OC,0
NSC59258,C1C(C(C(CC1(C(=O)O)O)O)O)O,0
NSC92207,C1=CC2=C(C=C(C(=C2N=C1)O)[N+](=O)[O-])F,0
NSC1451,CN1C2=NC=NC(=C2C=N1)NCC3=CC=CC=C3,0
NSC50393,C1C(OC2=CC=CC=C2C1=O)C3=CC=CC=C3,0
NSC12488,C1=CC(=CC=C1NC2=C3C=CC(=CC3=NC=C2)Cl)O,0
NSC303612,C1CN2CCC1C(C2)CN3C4=CC=CC=C4SC5=CC=CC=C53,0
NSC366086,C1C(=O)N(C(S1)C2=CC=CS2)C3=NN=CS3,0
NSC150954,CC1(CCSC(=N1)C=CC2=CC=CC=C2)C,0
NSC378717,CC1=CC=C(C=C1)C(=O)C2=CC=C(N2C)C=C(SC)S(=O)C,0
NSC335979,CC(C)CC(C(=O)NC(CC1=CNC2=CC=CC=C21)C(=O)O)NC(=O)OCC3=CC=CC=C3,0
NSC13579,CC1=CN=C2C=C(C=CC2=C1SCC(=O)O)Cl,0
NSC275266,CC1=CC2=C(C=C1C)N(C3=CC(=O)NC(=O)C3=C2)CC(C(C(CO)O)O)O,0
NSC122987,C1C2CC3C1C3C2=NN=C4C5CC6C4C6C5,1
NSC126347,CSC1=NC2=C(S1)C=CC(=C2)S(=O)(=O)N3CCCCC3,0
NSC211336,CC(=O)NCCCOC1=C(C=C(C=C1)[N+](=O)[O-])Cl,0
NSC40840,C1=C(N=C(N=C1N)CS)N,0
NSC56464,CCN1CC2(C(CC(C34C2C(C(C31)C5(C6C4CC(C6OC(=O)C7=CC=CC=C7)(C(C5O)OC)O)OC(=O)C)OC)OC)O)COC,0
NSC10211,C1=CC=C2C(=C1)C3=CC=CC=C3N2C4=CC=CC=C4C(=O)O,0
NSC27032,COC1=CC=C(C=C1)C2=CC3=CC=CC=C3N2,0
NSC317605,CCN(CC)CC1=CC2=C(C=C1OC)C3=CN=C4C=C(C=CC4=C3N2)Cl,0
NSC70717,CC1=CC=CN2C1=NNC2=S,0
NSC57794,C1CCC(C1)N2C=NC3=C2N=C(NC3=O)N,0
NSC131467,COC(=O)C1=C(NC(=C1C(=O)OC)C2=NC=CC3=CC=CC=C32)C4=CC=CC=C4,0
NSC63161,C1=CC=C(C=C1)CC2=NN=C(N2N)CC3=CC=CC=C3,0
NSC148832,CC1=CC(=O)CC(C1(C=CC(=CC(=O)O)C)O)(C)C,0
NSC9461,C1=C(C=NC=C1Br)C(=O)O,0
NSC36525,CC(C)(C)C1=CC=C(C=C1)OCC2=NC3=C(N2)C(=O)N(C(=O)N3C)C,0
NSC45117,CCN1CC2C3CCC(C2C1)(O3)C,0
NSC109084,C1CN1CCOC2=NC3=CC=CC=C3C=C2,0
NSC111107,CCSC1=NC(=C(C(=O)N1)C)C,0
NSC45291,C1=CC=C(C=C1)NC(=S)C2=CC=CC=N2,0
NSC21710,CN1C2=C(N=C1N3CCCCC3)N(C(=O)N(C2=O)C)C,0
NSC294154,CC1=C(N2C=C(C=CC2=N1)Cl)[N+](=O)[O-],0
NSC9248,C1(C(C(OC(C1O)O)C(=O)O)O)O,0
NSC165563,CC1=C(C(=O)CC2(C1CC3C45C2C(C(C(C4C(C(=O)O3)OC(=O)C=C(C)C(C)C)(OC5)C(=O)OC)O)O)C)O,0
NSC37168,C1=CC=C2C=C(C(=CC2=C1)C(=O)NC3=CC(=CC=C3)[N+](=O)[O-])O,1
NSC403447,C1=CC=C2C(=C1)NC(=N2)CCCCCC3=NC4=CC=CC=C4N3,0
NSC194242,CN1C=C(C2=NC=CN=C21)C=O,0
NSC137577,C1=CC=C(C=C1)NN(CC2=CC=NC=C2)C3=CC=CC=C3,0
NSC1847,C1=CC=C(C=C1)N=NC2=CC=C(C=C2)S(=O)(=O)O,0
NSC622175,C1=NC(=C2C(=N1)[N+](=CC=CCO)C=N2)[NH-],0
NSC236580,CCC(C)C1C(=O)N2CCCC2C(=O)NC(C(=O)N(C(C(=O)N(C(C(=O)NCCC(=O)O1)C)C)C(C)C)C)CC(C)C,0
NSC5379,CCCCCCCCCCCCCCCCCCO,0
NSC44750,C1=CC(=O)N(C1=O)C2=CC(=CC(=C2)C(=O)O)N3C(=O)C=CC3=O,0
NSC109086,CC1=NC2=CC=CC=C2C(=C1)OCCN3CC3,0
NSC122385,CC1=NC2=C(S1)C=CC(=C2)S(=O)(=O)NC(=O)C,0
NSC26254,COC1C(C(C(C(C1O)O)O)O)O,0
NSC295300,CN1C2=NC=NC(=C2CC3=CC=CC=C3C1=O)NCC4=CC=CC=C4,0
NSC12646,C1=CC2=C(C=C(C=C2)[As](=O)(O)O)C(=C1)N,0
NSC128487,COC1=CC23CCCN2CCC4=CC5=C(C=C4C3C1O)OCO5,0
NSC50651,C1=CC=C2C(=C1)C3=CC(=C(C=C3N2)O)C(=O)NC4=CC=C(C=C4)Cl,1
NSC137399,C1CC2=CC=C(C3=CC=CC1=C23)C(=NO)C4=CC=CC=C4,0
NSC31867,CCCCCC1=C2C(=CC(=C1)O)OC(=O)C3=C(C=C(C=C3O2)O)C(=O)CCCC,1
NSC44556,C1=CC(=C(C=C1Cl)Cl)CSC2=CC=NC(=O)N2,0
NSC164678,CC1=C(N2CCCC(=O)NC2=C1C#N)C,0
NSC79253,C1=CC(=CC=C1N)OC(=O)NC2=CC=C(C=C2)O,0
NSC309401,NC1=NC2=C(C(N)=N1)C3=C(C=C2)N(C=C3)CC4=CC=C(N)C=C4,0
NSC365560,CN(C)C1=C(C(=S)C1=O)SC,0
NSC16021,C1=C(C(=O)NC=C1Cl)Cl,0
NSC319449,CC(=O)C1=CC(=C(C=C1)OC)CON=C2CSCC3=CC=CC=C32,0
NSC81703,CC1=C(C=CC2=C1NC3=CC=CC=C23)CCN,0
NSC92753,CC1(C(=S)NC(N1N=O)(C)C)C,0
NSC31069,CC(C)COC(=O)NC1C2=CC=CC=C2OC3=CC=CC=C13,0
NSC63314,CCCC(=CC1=NC=C(C=C1)CC)C,1
NSC21683,CC1=CC=C(C=C1)N=NC2=C(N(N=C2N)C3=CC=CC=C3)N,0
NSC8179,C1=CC=C(C=C1)C2=NC(=NN2)NC(=O)N,0
NSC50650,COC1=CC(=C(C=C1)OC)NC(=O)C2=C(C=C3C4=CC=CC=C4OC3=C2)O,0
NSC51936,C1COCCN1CC(=O)N2CCOCC2,0
NSC23248,CC1=CC(=NC(=N1)C)NC(=O)C2=CC=CC=C2,0
NSC175743,C1=CC(=CC=C1N)N=C(C(=NC2=CC=C(C=C2)N)N)N,0
NSC55459,C1=NC(=C(C(=N1)Cl)N)NCCO,0
NSC339589,C1CCN(C1)CC(=O)NC2=NC(=CS2)C3=CC=C(C=C3)Cl,0
NSC121865,COC1=C(C=C2C(=C1)C34CCN5C3CC6C(C4N2)C(OCC=C6C5)CC(=O)O)OC,0
NSC142277,C1=CC=C(C(=C1)NC(=O)NC2=CC=C(C=C2)SCC(=O)O)F,0
NSC82339,C1CN2CCN(C1)C2C3=CC=NC=C3,0
NSC51349,COC1=CC2=C(C(=C1)OC)C(=O)C=C(O2)C3=CN=CC=C3,0
NSC37003,CC1=C(C=C(C=C1)S(=O)(=O)N(C)C)[N+](=O)[O-],0
NSC73753,C1=CC(=C(C=C1Cl)Cl)OC2=CNC(=S)NC2=O,0
NSC15358,C1=CC=C(C=C1)NC2=C(C=C(C=C2)S(=O)(=O)N)[N+](=O)[O-],0
NSC143648,OCC(O1)C(O)C(O)C1N2C(N=CN=C3N)=C3C(C(N)=O)=C2,0
NSC58368,C/C(C)=C\CC1C(C)(C2C(OC)C(OC(C=CC=CC=CC=CC(O)=O)=O)CCC23CO3)O1,0
NSC307981,CC(=CCC1=C2C(=C(C3=C1OC(C=C3)(C)C)OC)C(=C(C(=O)O2)C4=CC=C(C=C4)O)O)C,1
NSC129536,CC12C3C4C(C(C1(CC5C2(O5)C(=O)O3)O)C(=O)O4)C(C)(C)O,0
NSC329676,CC1=NC=C(N1CCOC(=O)N)[N+](=O)[O-],0
NSC150982,C1=CC=C2C(=C1)C=C(N2)C=C[N+](=O)[O-],1
NSC45384,CC1=C(C(=C(N=C1C(=O)OC)C2=NC3=C(C=C2)C(=O)C(=C(C3=O)N)OC)N)C4=C(C(=C(C=C4)OC)OC)O,0
NSC479,C1=CC=C(C=C1)CC2(C(=O)NC(=O)N2)C3=CN=CC=C3,0
NSC343344,C1=CSC(=C1)C(=O)C2=CN=C(C=C2)N,0
NSC59776,C1=CC=C(C=C1)C2=C(N=CN2)C3=CC=CC=C3,0
NSC118723,C1CCC(=NNC2=NC3=CC=CC=C3C=C2)CC1,1
NSC15784,C1=CC=C(C(=C1)C=CC2=CC=NC3=CC=CC=C23)Cl,0
NSC38983,C1CC(OC=C1)COC(=O)C2CCC=CO2,1
NSC145150,CC1C2C=C(C3C2(C=C1C)C(=C)C(=O)OC3)C(=O)O,0
NSC5157,CC1=C(C=CC2=C1OC(=O)C(=C2O)NC(=O)C3=CC4=C(C=C3)OC(CC4)(C)C)O,0
NSC133356,C1=CC(=CC=C1C2=NNN=N2)C3=NNN=N3,0
NSC163823,CN1C2=NC(=CN=C2C(=N1)NC(=O)C(F)(F)F)C3=CC=C(C=C3)Cl,0
NSC33410,COC1=CC=C2C(=CC1=O)C(CCC3=CC(=C(C(=C32)OC)OC)OC)NC(=O)C4=CC=CC=C4,0
NSC338564,CC(=NNC(=O)N)C1=CC(=C(C=C1)Cl)N2C=CC=C2,0
NSC50751,C1=CC=C(C(=C1)NC2=CC=CC=N2)O,0
NSC114341,COC1=CC(=NC(=C1)C2=CC=CC=N2)C=NO,0
NSC2802,CC1(C(CC1C(=O)O)CC(=O)O)C,0
NSC99925,COC1C(C(=O)C2C(O1)COC(O2)C3=CC=CC=C3)NC(=O)C4=CC=CC=C4,0
NSC14396,CN1C(=NC2=C1C(=O)N(C(=O)N2C)C)CC3=CC=CC=C3,0
NSC50132,COC1=CC(=CC(=C1OC)OC)C2C3=CC(=C(C=C3CC4(C2(C(=O)OC4)O)O)OC)OC,0
NSC135412,CC1=C(C(=C(C=C1)CC#N)C2=C(C=CC(=C2C)C)CC#N)C,0
NSC68116,C1CCN2C(C1)CCOP2(=O)N(CCCl)CCCl,0
NSC173103,C1=C(C2=NC=NC(=S)N2N1)C(=O)O,0
NSC67546,CC(=NC1C(OC(C1O)OC)CO)C,0
NSC42014,CCCCSC1=NC(=CC(=O)N1)C(=O)O,0
NSC106995,COC(=O)C1=C2C(=NC3=C(N2)C(=O)C=C(C3=CO)O)C(=O)C=C1,0
NSC281816,CN1CCN(C2CC3=CC=CC=C3SC4=C2C=C(SC)C=C4)CC1,1
NSC81750,CN1C2=C(C(=O)N(C1=O)C)NC(=N2)CNC3=CC=C(C=C3)C(=O)O,0
NSC201863,CC(C1=CC=C(C=C1)C2=CC=CC=C2)NC(=O)C3=CC(=C(C=C3)Cl)Cl,0
NSC13213,CC1=NC(=NC2=CC=CC=C12)C(=O)N,0
NSC163104,CCCCC1=C(NC(=S)NC1=O)C,0
NSC1751,C1OC(C(C(O1)C(CO)O)O)C(CO)O,0
NSC19990,CC1C=CC=C(C(=O)NC2=C(C(=C3C(=C2O)C(=O)C(=C4C3=C(C(=CC(C(C(C(C(C(C(C1O)C)O)C(=O)OC)O)C)O)(C)O)C)OCO4)C)OC(=O)C)C)C,0
NSC408860,C1=CC=C(C(=C1)C(=O)NC2=CC(=CC=C2)[N+](=O)[O-])C(=O)O,0
NSC370387,C1=NC2=NNC(=C2C(=O)N1)C#N,0
NSC114414,CC1=NN(C(=O)C1N=NC2=CC=C(C=C2)S(=O)(=O)N)C3=CC=CC=C3,0
NSC134784,CC1CC(=C2C(COC2=O)C)OC1,0
NSC16722,COC1=C(C=CC(=C1)C(=O)C(=O)C2=CC(=C(C=C2)O)OC)O,0
NSC125727,CCC1(C(=O)NC(=S)NC1=O)CC=CC,0
NSC28011,CC1CCC2C(C1)NCCN2,0
NSC8519,CC1=CC(=O)C2=C(C3=C(C(=C2O1)OC)OC=C3)OC,0
NSC20559,CC(=O)NC1=NC(=CC=C1)NC(=O)C,0
NSC369397,CC1CCC2C(C(=O)OC3C24C1CCC(O3)(OO4)C)C,0
NSC37883,CCC(CC)(C(=O)N)SCC=C,0
NSC4426,C1CC=CC(C1)C2=NC(=NC(=N2)N)N,0
NSC371178,CCN(CC)CCNC(=O)C1=CC=C(C=C1)NCN2C(=O)C(NC2=O)(C3=CC=CC=C3)C4=CC=CC=C4,0
NSC7532,CC1=CC=CC=C1C(=O)NC2=C(C=CC(=C2)Cl)Cl,0
NSC3076,C1=CC=C(C=C1)C2N=C(NC(=N2)NC3=CC=CC=C3)N,0
NSC24951,C1C[N+]2(CC3=CCOC4CC(=O)N5C6C4C3CC2C61C7=CC=CC=C75)[O-],0
NSC3323,CN(C)C1=CC=C(C=C1)C(C2=CC=C(C=C2)N(C)C)C3=CC=C(C=C3)[N+](=O)[O-],0
NSC400770,C1=CC=C(C=C1)C(=O)C2=CC=C(C=C2)C3=CC=C(C=C3)O,0
NSC637359,C1=CC=C(C=C1)C(=O)C(=CC2=CC=C(C=C2)C#N)C#N,0
NSC4263,C1=CC2=CC(=C3C=CC=NC3=C2N=C1)[N+](=O)[O-],0
NSC785179,CN1CCC2=C3C1CC4=CC(=C(C=C4C3=C5C(=C2OC)OCO5)OC)O,0
NSC298892,CC1=NN(C2=C1C(C(=C(O2)N)C#N)C3=CC=C(C=C3)[N+](=O)[O-])C4=CC=CC=C4,0
NSC139168,CC1C=C(C(=O)C2(C1CC3C4(C2C(=O)C(=C(C4CC(O3)O)C)OC)C)C)OC,0
NSC332876,CC1C(=O)CC2C(CCCC2(C1(CCC3=COC=C3)O)C)(C)C,0
NSC62318,CC(C)N1C=NC2=C1NC=NC2=S,0
NSC31703,CCOC(=O)NC1=CC=C(C=C1)C(=O)C=CC2=CC=CC=C2,0
NSC38090,CN1C=NC(=C1S(=O)(=O)OC2=CC=CC3=CC=CC=C32)[N+](=O)[O-],0
NSC150817,CC1C(OC(=O)CC(CC(CC(CCC(C(CC(=O)CC(C(C(CC(C=CC=CC=CC=CCCC=CC=CC(C1O)(C)O)OC2C(C(C(C(O2)C)O)N)O)O)C(=O)O)O)O)O)O)O)O)C,0
NSC15133,CN1CCC2(C(C1)CCCO2)O,0
NSC292222,CC1C2CC(C(C=CC=C(CC3=CC(=C(C(=C3)OC)Cl)N(C(=O)CC(C4(C1O4)C)OC(=O)C(C)C)C)C)OC)(NC(=O)O2)O,0
NSC8090,C1=CC=C(C=C1)C(=O)NC2=CC=CC3=CC=CC=C32,0
NSC147340,CC(OC1C(O)CNC1CC2=CC=C(OC)C=C2)=O,0
NSC234764,C1=CC(=CC(=C1)OC(=O)N)OC(=O)N,0
NSC341902,C1CCC2(C(=C(C(=O)N2)C#N)C1)O,0
NSC65689,CN1CCC2=CC(=C(C3=C2C1CC4=CC(=C(C=C43)OC)O)OC)O,0
NSC63946,CCC1C(C(C(C(=O)C(CC(C(C(C(C(C(=O)O1)C)OC2CC(C(C(O2)C)O)(C)OC)C)OC3C(C(CC(O3)C)N(C)C)OC(=O)CCC4CCCC4)(C)O)C)C)O)(C)O,0
NSC343230,C1CCN(CC1)NC(=O)NN2CCCCC2,0
NSC172946,CC(=O)NC1CCC2=CC(=C(C(=C2C3=CC=C(C(=O)C=C13)OC)OC)OC)O,0
NSC275971,CCOC(=O)NC1=CC2=C(C=C1)N=C(S2)SC3=CC=C(C=C3)Cl,0
NSC6137,C12C(C3C(C(C1O3)OC2=O)Br)C(=O)O,0
NSC36818,CC1=C(C=C(C=C1)NC(=O)N2CCN(CC2)C)NC(=O)N3CCN(CC3)C,0
NSC91378,COC1=CC(=CC=C1)OCC(CN2CCN(CC2)C3=CC=CC=C3)O,0
NSC147866,CC1=CC(=C(C=C1)C)N2CCN(CC2)C3=C(C=NC=C3)N,0
NSC291312,CC1CCOC(=O)C=CC=CC(=O)OC2CC3C4(C2(C5(CC(C(=CC5O3)C)O)COC(=O)C1O)C)CO4,0
NSC5053,C1(C2=NN(C3=CC=CC=C3)N(C4=CC=CC=C4)N2)=CC=CC=C1,0
NSC269760,CC(C1C=CC=CC(=O)OC2CC3C4(C2(C5(CCC6(C(C5O3)O6)C)COC(=O)C7C(O7)(C(CO1)O)C)C)CO4)O,0
NSC325014,CC(C(=O)NC1C2C(C(CC(=C2C(=O)OC1(C)C(Cl)Cl)O)O)O)N,0
NSC278619,CC(N)C(NC(C(O)C(N)C=O)CO)=O,0
NSC40275,C1=CC=C(C=C1)NC2=CC3=CC=CC=C3C=C2C(=O)O,0
NSC209870,CCC1C(C(C(C(=O)C(CC(C(C(C(C(C(=O)O1)C)OC2CC(C(C(O2)C)O)(C)O)C)O)(C)O)C)C)O)C,0
NSC785178,CN1CCC2=CC3=C(C4=C2C1CC5=CC(=C(C=C54)OC)O)OCO3,0
NSC30041,CC1=C(C=NC=C1)C(=O)N,0
NSC157940,CC1(CCCC2(C1=CC(=O)C=C2OCCO)C)C,0
NSC646976,CCOC(=O)C(=O)C1C2=CC=CC=C2NC1=O,0
NSC93047,C1=C(C(=O)NC1=O)C2C(C(C(O2)CO)O)O,0
NSC117908,C1=CC=C(C=C1)NCCSC2=NC3=CC=CC=C3S2,0
NSC122280,C1C2=NC3=CC=CC=C3N2C(=O)CS1,0
NSC168221,CC(=O)OCCN1C2=C(C=NC=C2)SC3=CC=CC=C31,0
NSC13151,C1=CC=C(C(=C1)C=CC(=O)C2=CC=C(C=C2)O)Cl,0
NSC180964,CC1=C(CC2=C(C=CC(=C2C1)OC(=O)C)OC(=O)C)C,0
NSC62609,C1=CC=C2C(=C1)NC(=N2)C3=CC=NC=C3,0
NSC164464,C1=CC=C(C(=C1)C(=O)N)NC(=O)C2=CC=CC=C2Cl,0
NSC21709,CN1C2=C(N=C1N3CCOCC3)N(C(=O)N(C2=O)C)C,0
NSC270914,CC1CC12C(C3(C4CC(=O)C(C5C4(C3=C(C2=O)C(C5OC(=O)C)O)C)(C)C)O)OC(=O)C,0
NSC157522,CC(=C(C1=CC=C(C=C1)Cl)C2=C(N=CN=C2N)N)C,0
NSC57318,CCCCN1C(=C(CC1=O)C(=O)OCC)C,0
NSC643029,CC(C)(C)C(=O)C=CC1=CC=C(C=C1)OC2=CC=CC=C2,0
NSC89937,CC(C)C(C(C)O)(C(=O)OCC1=CCN2C1C(CC2)O)O,0
NSC43271,CC1=C(C(=NC(=N1)N)NC2=CC=C(C=C2)C#N)Br,0
NSC343256,CC1=CC2CC(C(=C2C(=O)CC(CCC=CCC(NC(=O)C=CC=C1)C3=CC=CC=C3)O)O)OC,0
NSC277806,C1=CC=C(C=C1)NC(=O)OC2=CC=CNC2=O,0
NSC11668,CN1C2=NC(=NC(=C2C=N1)NC3=CC(=CC=C3)Cl)NC4=CC(=CC=C4)Cl,0
NSC351674,CC1=CC=C(C=C1)C2C=CC(=CN2CC3=CC=CC=C3)C#N,0
NSC11149,C1=CC=C(C(=C1)CC2=C(C=C(C=C2)O)O)Cl,0
NSC22801,CCC1=CN=C(C=C1)CCN2C(=O)C3=CC=CC=C3C2=O,0
NSC338519,CN(CCC#N)C1=CC=C(C=C1)C=C(C#N)C2=CC(=CC=C2)C(F)(F)F,0
NSC79582,C1=CC=C2C(=C1)C3=CC=CC=C3[N+](=N2)[O-],0
NSC89602,COC1=CC=C(C=C1)OCC(CN2CCN(CC2)C3=CC=C(C=C3)Cl)O,0
NSC35550,COC1=C(OC)C=C(CC2=NCCC3=CC(OC)=C(OC)C=C32)C=C1,0
NSC66020,C1C(=O)NC2=C(C=C(C=C2)Cl)C(=N1)C3=CC=CN3,0
NSC125605,COC1=CC=CC=C1NN=NC2=CC=CC=C2OC,0
NSC40669,CCCN1C=NC2=C1NC(=NC2=S)N,0
NSC82769,CCSC1=NC(=CC(=O)N1)O,0
NSC55152,C1=CC(=CC=C1C(=O)NC2=CC=C(C=C2)N)C(=O)NC3=CC=C(C=C3)N,0
NSC623109,CN1CCN(CC1)C2=NC(=C(C(=N2)Cl)Br)N,0
NSC83436,CC1(C=CC2=C3C(=C(C(=C2O1)CCC(=O)O)OC)C=CC(O3)(C)C)C,0
NSC302584,C1=CN=C(N=C1)SC2=C(C=C(C=C2)[N+](=O)[O-])[N+](=O)[O-],0
NSC42028,CC1=CC(=S)NC(=S)N1,0
NSC294150,C1CN(CCN1CCO)C2=C(N3C=CC=CC3=N2)[N+](=O)[O-],0
NSC289359,CCOC(=O)C1=C2C(=C3C=CC(=C(C3=C1)OC)OC)NC=C(C2=O)C#N,0
NSC785167,CN1CCC2=CC(=C(C3=C2C1CC4=C3C=C(C=C4)O)O)OC,0
NSC82560,C1=CC(=CC=C1N=NC2=C(N=C(NC2=O)N)N)S(=O)(=O)N,0
NSC55862,C1=CC=C(C=C1)C2=C(OC(=O)C3=CC=CC=C32)C4=CC=CC=C4,0
NSC73295,CCOC(=O)C1=NN(C2=C1C(=O)N(C(=O)N2)C)C,0
NSC30625,CC=C(C)C(=O)OC1CCN2C1C(=CC2)COC(=O)C(C(C)OC)(C(C)(C)O)O,0
NSC76988,C1=CC(=CC=C1C2=CC(=O)C3=C(C(=C(C(=C3O2)O)O)O)O)O,0
NSC203837,CC1=CC(=NO1)NC(=O)NC2=CC=CC3=CC=CC=C32,0
NSC372499,CC1=CC2=C(C=C1C)NC3=C(N2)C(=O)C(O3)C4=CC(=CC=C4)O,0
NSC654260,CC1=C(OC2=NC=C(Br)C=N2)C=CC(NC(NC(C3=CC=CC=C3NC(C(N)C)=O)=O)=O)=C1,0
NSC216183,CC1=C(C=C(C=C1)[N+](=O)[O-])NC(=O)NC2=CC(=CC=C2)F,1
NSC292140,C1=CC(=CC(=C1)Cl)N2C(=O)C3=C(NC2=O)N(N=C3)C4=CC=C(C=C4)Cl,0
NSC70931,CC1=C(C(=O)C=C2C1=CC=C3C2(CCC4(C3(CCC5(C4CC(CC5)(C)C(=O)O)C)C)C)C)O,0
NSC39047,C1=CC(=CC=C1C(=O)N)OC2=CC=C(C=C2)C(=O)N,0
NSC403374,C1=CC(=CC=C1NC(=S)N=C(N)N)Cl,0
NSC6821,CC(C1=CC2=CC=CC=C2S1)N(C(=O)N)O,0
NSC290307,CC1=C(OC2=C1C(=O)NCCC2)[N+](=O)[O-],0
NSC204920,C1=CC(=CC=C1C=CC2=CC=NC=C2)[N+](=O)[O-],0
NSC66241,CC1=C(C=NNCC1=O)C2=CC=CC=C2,0
NSC28080,CCC1(CCC2=C(C1=O)C=C(C3=CC=CC=C23)OC)C(=O)OC,0
NSC133351,C1=CC(=C(C=C1OC2=CC(=C(C=C2)N)[N+](=O)[O-])[N+](=O)[O-])N,0
NSC165883,CC(=O)CC(=O)NC1=CC2=CC=CC=C2C=C1,0
NSC156957,C1CC(=O)N(C1C(=O)O)C(=O)OCC2=CC=CC=C2,0
NSC23969,CC1CCCC(N1C)C=CC2C3CCCCC3CC4C2C(OC4=O)C,0
NSC9341,CN(C)C(=O)OCC1COC2=CC=CC=C2O1,0
NSC9170,COC1=C(C(=C2C(=C1)CCC(C3=CC(=O)C(=CC=C32)SC)N)OC)OC,0
NSC294408,CC1C(C(=O)C2(O1)CC3C(C2OC(=O)C)(CC45N3C(=O)C(N(C4=O)C)(SS5)CO)O)(C)C,0
NSC332670,C1=CC=C2C(=C1)C3=CC=CC=C3C4=C2NC(=N4)C5=CC=CC=C5O,0
NSC34769,COC(=O)CC1=C(N=C(N1)Cl)C(=O)N,0
NSC37812,C1=CC=C2C(=C1)N=C(S2)C3=CN=CC=C3,0
NSC785148,COC1=C(C=CC2=C1C3=C4C(C2)NCCC4=CC5=C3OCO5)O,0
NSC89720,C1=CC(=CN=C1)CCC(=O)O,0
NSC136065,C1COCCN1N=NC2=CC=CC=C2,0
NSC75071,C1=CC(=NNC1=O)Cl,0
NSC139257,C1=CC=C(C=C1)NC(=S)NC2=NC=CS2,0
NSC12644,CCOC(=O)NC1=CC(=CC=C1)[As](=O)(O)O,0
NSC23672,C1=CC(=CC=C1NC2=NC=CC(=O)N2)Cl,0
NSC81463,COC1C(CC2CN3CCC4=C(C3CC2C1C(=O)O)NC5=C4C=CC(=C5)OC)O,0
NSC111194,COC1=CC=C(C=C1)C(=S)N2CCN(CC2)C3=CC(=CC=C3)Cl,0
NSC159686,C1=CC=C(C=C1)C(=O)NC2=CC(=C(C=C2)C(=O)O)O,0
NSC108753,CC1=CC2=C(C=C1)NCCC2=C(C#N)C#N,1
NSC123141,CCOC(=O)CC1=CNC(=S)NC1=O,0
NSC114490,C1=CC=C(C=C1)CN=C(C2=CC=CC=C2)NO,0
NSC32979,CN1CCC2=CC(=C(C3=C2C1CC4=C3C(=C(C=C4)OC)O)OC)OC,0
NSC217697,CC1=CC(NC2=C1C=C(C=C2)CC3=CC4=C(C=C3)NC(C=C4C)(C)C)(C)C,0
NSC31712,C1(=C(NC(=O)NC1=O)C(=O)O)F,0
NSC305222,CC1CC=CC2C(C(=C)C(C3C2(C(C=CC(C1)(C)O)OC(=O)C)C(=O)NC3CC4=CC=CC=C4)C)O,0
NSC120961,CCC(CC)NCCOC(=O)C1=CC=C(C=C1)[N+](=O)[O-],0
NSC205843,CC1=C(C(=CC=C1)C)NC(=O)NCC2=CC=CO2,0
NSC145612,CC1C=CC=C(C(=O)NC2=C(C(=C3C(=C2O)C(=C(C4=C3C(=O)C(O4)(OC=CC(C(C(C(C(C(C1O)C)O)C)OC(=O)C)C)OC)C)C)O)O)CN(C)C)C,1
NSC124818,C1C(=O)N(C(=S)S1)N=CC2=CNC3=C2C=C(C=C3)Br,0
NSC57165,CC1=NC=CN=C1SC2=CC=CC=C2,0
NSC11150,C1=CC(=CC=C1CC2=C(C=C(C=C2)O)O)Cl,0
NSC73170,CC(C(=O)O)OC(=O)NC1=CC(=CC=C1)Cl,0
NSC9064,C(C1C(C(C(=O)C1CO)CO)CO)O,0
NSC242557,CC(C)(C)C1=CC(=CC(=C1O)C(C)(C)C)C=C(C#N)C#N,1
NSC32673,CC1=CC(=C(C=C1NC(=O)NC2=CC=CC3=CC=CC=C32)C(C)C)O,0
NSC159092,C1C(C(=O)N(C1=O)C2=CC=CC=C2Cl)SC3=CC=CC=C3N,0
NSC250682,CC1(CCC(C23C1C(C(C45C2CCC(C4O)C(=C)C5=O)(OC3)O)O)O)C,0
NSC112906,CC1CC2CCCC(=C2C(=O)O1)O,0
NSC177952,C1=NNC(=N1)NC(=O)C(=O)O,0
NSC45086,C1=COC(=C1)CNC(=O)NC2=CC=C(C=C2)[N+](=O)[O-],1
NSC319471,CC1(CSC(=N1)NC2=CC=C(C=C2)OC)CO,0
NSC51001,CC1CC(C(C(C(CC(=O)OC(CC2C(O2)C=CC1=O)C)OC(=O)C)OC)OC3C(C(C(C(O3)C)OC4CC(C(C(O4)C)OC(=O)CC(C)C)(C)O)N(C)C)O)CC=O,0
NSC36582,C=CCNC(=O)C1COC2=CC=CC=C2O1,0
NSC333856,CC1CC(C)C(OC2CC(OC3CCC(OC4CC(O)C(OC5CCC(O)C(C)O5)C(C)O4)C(C)O3)C(OC(C)=O)C(C)O2)C6C1C7(C)C(C(C)=CCC(OC8CC(C)([N+]([O-])=O)C(NC(OC)=O)C(C)O8)C(C)=CC9C(O)C=C(C=O)CC9%10C(C(C(O%10)=O)=C7O)=O)C=C6,0
NSC294623,CC1=CC(=NN1C(=NC(=O)C2=CC=CC=C2)N)C,0
NSC82269,CSC1=NC=C2C(=N1)N=C(N2)C(C3=CC=CC=C3)O,0
NSC40269,C1=CC=C(C=C1)C(C2=CC=CC=C2)(C3=NC=CN3C4=CC=CC=C4)O,1
NSC99796,CC1=CC(=O)C2=C(O1)C(=O)C3=C(C2=O)C=CO3,0
NSC319424,C1=CC(=C(C(=C1)F)C(=O)NC2=NN=C(S2)C(F)(F)F)F,0
NSC318799,C1=CN(C(=O)N=C1N)C2C(C(C(O2)CCl)O)O,0
NSC73482,C1=CC=C2C(=C1)C=NC3=CC=CC=C23,0
NSC376128,CCC(C)C(C(CC(=O)N1CCCC1C(C(C)C(=O)NC(CC2=CC=CC=C2)C3=NC=CS3)OC)OC)N(C)C(=O)C(C(C)C)NC(=O)C(C(C)C)N(C)C,0
NSC637153,CCOC(=O)C(=CC1=CC=C(C=C1)Br)C(=O)OCC,0
NSC344494,C1=CC(=NCl)C(=NCl)C=C1,0
NSC51683,COC1=CC2=C(C=C1)N(CCC2)C(=NC3=CC=C(C=C3)Cl)N,0
NSC19136,C1=CC=C(C=C1)CCNC2=NC(=NC3=C2C=NN3)Cl,0
NSC227186,CC1=CC=C(N1)C(=O)OC2C(C(OC(C2OC)(C)C)OC3=C(C4=C(C=C3)C(=C(C(=O)O4)NC(=O)C5=CC(=C(C=C5)O)CC=C(C)C)O)Cl)O,1
NSC196148,CN(C)S(=O)(=O)NC1=CC=CC=N1,0
NSC326644,C1=CN(C=C1)C2=C(C=NN2C3=CC(=CC=C3)Cl)C#N,0
NSC57741,CC1=C(N=C2C(=N1)C=CC(=N2)N)C,0
NSC10772,CC(CC1=CC=CC=C1)NC(=O)N,0
NSC2150,COC1=CC=CC(=C1O)C=O,0
NSC40749,CC1=C(N=C(N1)N=NC2=CC=CC=C2)N=NC3=CC=CC=C3,1
NSC6832,CC1=CC(=O)C2CC1C2(C)C,0
NSC9358,CN(C)C1=CC=C(C=C1)N=NC2=CC=CC=N2,0
NSC118343,CC=CC1=CC2=C(C(=O)C(C(O2)C)O)C(=O)O1,0
NSC69421,C1C(C(C2=CC=CC=C21)NC3=CC=C(C=C3)C#N)O,0
NSC83237,C1CNCCC1(CC2=CC=CC=C2)O,0
NSC351691,CC1CCC(C(C1)NC(=O)C2=CC=NC=C2)C(C)C,0
NSC14398,CN1C(=NC2=C1C(=O)N(C(=O)N2C)C)CC3=CC=C(C=C3)N,0
NSC651084,CC1=C(C(=O)C2=C(C1=O)N3CCC(C3=N2)OC(=O)COC)NC(=O)C,0
NSC170001,C1C2=CC=CC(=O)C(=C2C(=O)OC1=O)O,0
NSC8481,CC(C)(C)C1=CC=C(C=C1)OCC(=O)O,0
NSC335989,COC1=CC=C2C(=CC1=O)C(CCC3=CC(=C(C(=C32)OC)O)OC)NC(=O)C(F)(F)F,0
NSC9665,CC(=CCC1C(O1)(C)C2C(C(CCC23CO3)O)OC)C,0
NSC85998,CN(C(=O)NC(C=O)C(C(C(CO)O)O)O)N=O,0
NSC6145,C1=CC=C(C=C1)C(=O)C2=CC=CC=C2C(=O)C3=CC=CC=C3,0
NSC31748,COC1=C(C=CC(=C1)I)[As](=O)(O)O,0
NSC122224,CC1CC(=O)NC(C(=O)NC(C(=O)OC(C(=O)NC(C(=O)N(C(C(=O)OC1)CC(C)C)C)C(C)C)C(C)C)CC(C)C)C(C)C,0
NSC515893,C1CCC2(CC1)C(=S)NC3(N2)CCCCC3,1
NSC206630,CC(C)(C)N1CC(C1)OC(=O)N,0
NSC95099,CC1C(C(CC(O1)OC2C(OC(CC2O)OC3C(OC(CC3O)OC4CCC5(C(C4)CCC6C5CCC7(C6(CC(C7C8=CC(=O)OC8)O)O)C)C)C)C)O)O,0
NSC92794,C1=CC(=CC=C1NC2=C(C=C(C=C2)[N+](=O)[O-])N)O,0
NSC49652,C1=CC=C(C(=C1)C(=O)C=CC2=CN=CC=C2)O,0
NSC407286,C1=C2C3=C(C(=C1O)O)OC(=O)C4=CC(=C(C(=C43)OC2=O)O)O,0
NSC60423,CCCCOC1=NC=C(C=C1)NC2=C(C=CC(=C2)Cl)C(=O)O,0
NSC87690,C1=CC(=CC=C1CN2C=NC3=C2N=CNC3=O)[N+](=O)[O-],0
NSC240502,C1CCC(C1)(C(=O)O)NC(=O)CCl,0
NSC524615,CCCCCCC(C)OC(=O)C1=CC=CC=C1C(=O)O,0
NSC141538,CC(=CCC1C(O1)(C)C2(C(C(=O)CCC23CO3)OC)O)C,0
NSC301168,C1=CC=C2C(=C1)NC3=NN=C(C=C3S2)Cl,0
NSC88324,C1=CC(=C(C=C1Br)Br)N,0
NSC35679,C1=CC2=C(C3=C(C=C2)N=CC=C3)N=C1,0
NSC25678,CC1=CC(=C(C=C1)C2=NC3=CC=CC=C3C(=C2)C(=O)O)C,0
NSC263220,C1=CC=C(C=C1)CC2NC3=CC(=C(C=C3S(=O)(=O)N2)S(=O)(=O)N)Cl,0
NSC49701,CC1=CC(=NC(=N1)N)NC2=CC=C(C=C2)OC,0
NSC142269,CC1=CC(=NC=C1)NC(=O)NC2=CC=C(C=C2)SC,0
NSC284701,CC1CC(C2=NCCN12)(C)C,0
NSC246415,C1=CC=C2C(=C1)NC(=S)C3=CC=CN23,0
NSC102086,C=CCNC(=S)NC1=CC(=CC=C1)[N+](=O)[O-],1
NSC83497,CC1=CC=CC=C1N2CCN(CC2)C(=S)C3=CC=C(C=C3)OC,1
NSC366807,C=CCSC1=NNC(=N1)C2=CC=CS2,0
NSC85236,CC1CC2C(C(C3(C1C=CC3=O)C)O)C(=C)C(=O)O2,0
NSC277184,CN1C([N+]([O-])=O)=CN=C1C=C2CC3=C(C=C(OCCN(C)C)C=C3)C2=O,0
NSC93817,C1=CC=C(C=C1)C2=CC3=C(C=C2)OC(=S)N3,0
NSC302289,CC1CCCC2(C1=CC3C(C2)OC(=O)C3=C)C,0
NSC331198,CSC(=NCC=C)NC#N,0
NSC83076,CC1=CC(=CN=C1)C(=O)OC,0
NSC106208,C1=CC=C(C(=C1)N=NC2=C(N=C(C=C2)N)N)Cl,1
NSC102554,C1CSC2(N1C(=O)NC(=O)N2)CC3=CC=CC=C3,0
NSC117197,CN1C2=C(C(=O)N(C1=O)C)NC3(N2)C4=CC=CC=C4NC3=O,0
NSC5476,CNCCC(C1=CC=CC=C1)OC2=CC=CC=C2OC,0
NSC118832,C1=CC=C(C=C1)C2=CN=C(S2)CO,0
NSC41066,C1=CC=C(C(=C1)C(=O)NC2=CC=CC=C2[N+](=O)[O-])C(=O)O,0
NSC205912,C1=COC(=C1)C(=O)NC(=S)NC2=CC=C(C=C2)S(=O)(=O)N,0
NSC86467,CC12CCC3C(C1CCC2=O)CCC4=C3C=CC(=C4)OCC(=O)O,0
NSC293780,CC1=CC2=C(C=C1)C=NC3=CC=CC=C3O2,0
NSC166846,CCN(CC)C(=O)CN1C=CC(=NC1=O)NC(=O)C,0
NSC13616,CCC(CNC1=C2C(=CC(=C1)OC)C=CC=N2)NC3CCCCC3,1
NSC343526,CC1=CC(=CC(=C1O)C)C=C2C(=O)NC(=S)S2,0
NSC57103,C1=CC2=C(C(=C(C=C2[N+](=O)[O-])[N+](=O)[O-])O)N=C1,0
NSC333544,CC(C)N(CC1=CC=CC=C1)S(=O)(=O)C2=NNC(=N2)C(C)(C)C,0
NSC112965,C1=CC=C(C=C1)C=CC2=CC=C(C=C2)N(C(=O)CF)O,0
NSC83715,C1=CC2=C3C(=C1)NC(NC3=CC=C2)C4=CN=CC=C4,0
NSC71866,C1=CC(=CC=C1NC2=NC(=NC(=C2C#N)N)N)Br,0
NSC302867,CCOC(=O)C1=C(C(=NC1=N)N)NC2=CC=C(C=C2)OC,0
NSC89671,CC1CCCC=CC2CC(CC2C(C=CC(=O)O1)O)O,0
NSC303800,COC1=NOC(=C1)CCC(=O)O,0
NSC293334,CCOC(=O)C1=C(NC=C1)CC(=O)NC,0
NSC88349,C1(=NOC(=O)N1)C(C(C(F)(F)F)(F)F)(F)F,0
NSC335048,C1CN2C(=C3C=CC=CC3=C2O)C4=C1N=NC4=O,0
NSC34983,CCC(C)NC(=O)C1=CC=CC(=C1)C,0
NSC11128,CC(C)(C)CC(C)(C)N1C(=NN=N1)N,0
NSC36815,CN1CCN(CC1)C(=O)NC2=CC=C(C=C2)[N+](=O)[O-],0
NSC8625,C1=CC=C2C(=C1)C(=CC(=O)C2=O)O,0
NSC22939,CCC(C)C1=CN=C(C(=O)N1O)CC(C)C,0
NSC281623,CCCOC1=CC=C(C=C1)C2=NC(=CS2)C3=CC=C(C=C3)[N+](=O)[O-],0
NSC335649,CC1=NN=C2N=C(NN2C1=O)N,0
NSC38010,CCOC(=O)CCCCCCCCCCCCC1CCC=C1,0
NSC6866,CCCNC(=O)C1=C(C=C(C=C1)Cl)Cl,0
NSC81462,C1CNC2CCNC3N2C1NCC3,0
NSC270071,CC(=O)NC1=C(C=C(C=C1)S(=O)(=O)NN=C2N(C3=CC=CC=C3S2)C)N,0
NSC1014,CC1=CC(=NC=C1)NC(C2=CC=CC=C2)C3=C(C4=C(C=CC=N4)C=C3)O,1
NSC22806,CCOC1=CC=C(C=C1)NC(=O)C2CCCN(C2)C,0
NSC125197,C1=CC(=CC=C1N=C(N)N=C(N)N)O,0
NSC24035,C1=CC=C(C=C1)NC2=CC=C(C=C2)NC(=O)N,0
NSC15780,C1=CC=C(C=C1)C(C#N)OC2C(C(C(C(O2)COC3C(C(C(C(O3)CO)O)O)O)O)O)O,0
NSC148170,C1=CC(=CC=C1N2C(=NNC2=S)N)Cl,0
NSC403148,COC1=CC(=CC(=C1OC)OC)C2C3C(CC4=CC5=C(C=C24)OCO5)COC3=O,0
NSC630602,CCOC(=O)N1CC(=CC2=CC=CC=C2)C(=O)C(=CC3=CC=CC=C3)C1,0
NSC36437,CC1=CCCC(C2CC(C(CC(=CCC1)C)OC(=O)C)C(=C)C(=O)O2)(C)O,0
NSC526417,CC1C(=O)N(C2CSC(C(C(=O)N(C(C(=O)OCC(C(=O)N1)NC(=O)C3=NC4=CC=CC=C4N=C3)C(C)C)C)N(C(=O)C(NC(=O)C(COC(=O)C(N(C2=O)C)C(C)C)NC(=O)C5=NC6=CC=CC=C6N=C5)C)C)SC)C,0
NSC112677,C1=CC=C2C(=C1)C3=C(N2)C(=NC=C3)CCCCO,0
NSC265211,CCC1(CC(C2=C(C3=C(C=C2C1C(=O)OC)C(=O)C4=C(C=CC(=C4C3=O)O)O)O)OC5CC(C(C(O5)C)OC6CC(C(C(O6)C)OC7CC(C(C(O7)C)O)O)O)N(C)C)O,0
NSC11275,CCCCOC1=NC2=C(N1C)C(=O)N(C(=O)N2C)C,0
NSC375981,C1=COC(=C1)C(=O)NC2=C(C=C(C=C2)NC(=O)C3=CC=C(C=C3)N)O,0
NSC126224,COC(=O)C(=CC1=CC=CC=C1[N+](=O)[O-])C(=O)OC,0
NSC31741,C1=CC(=CN=C1)[As](=O)(O)O,0
NSC5564,CN1C2CCC1C(C(C2)O)COC(=O)C3=CC=CC=C3,0
NSC68982,C1=CC(=C(C(=C1)Cl)C=NN=C(N)N)Cl,0
NSC298793,C1CCC(CC1)(C[N+](=CC2=CC=CC=C2)[O-])O,0
NSC10995,COC1=C2C(=C(C=C1)Br)CCC2=O,0
NSC11826,C1=CC=C(C=C1)N2N=C3C(=O)NC(=NC3=N2)N,0
NSC112907,C1CN(C(=O)NC1O)C2C(C(C(O2)CO)O)O,0
NSC60530,C1=C2C(=NC(=NN2N=N1)N)N,0
NSC211787,CC1=C(C=CC(=C1)OCCCCOC2=CC=C(C=C2)C#N)[N+](=O)[O-],0
NSC203065,C#CC1(CCCCC1)N2CCCCC2,0
NSC367480,C1=CC=C(C=C1)C2=CC(=NN2)NC(=O)C3=CC=C(C=C3)Cl,0
NSC46213,CCOC1=CC=C(C=C1)NC(=O)NC2=C(C=CC(=C2)C(C)C)C,1
NSC43512,CN1CCC(C1)C2=CNC3=CC=CC=C32,0
NSC165599,CC(=O)NC1=CC=C(C=C1)S(=O)(=O)N=C(N)SC,0
NSC159242,CC1=CC(=C(C=C1)C2=CC(=CC(=C2OC(=O)COC)C3=C(C=C(C=C3)C)C)OC(=O)COC)C,0
NSC292923,C1OC2=C(O1)C=C(C(=C2)C(=O)NC3=CC=CC4=CC=CC=C43)Br,0
NSC18334,CCC1(CC(C2=C(C3=C(C=C2C1C(=O)OC)C(=O)C4=C(C=CC(=C4C3=O)O)O)O)OC5CC(C(C(O5)C)OC6CC(C(C(O6)C)OC7CCC(=O)C(O7)C)O)N(C)C)O,0
NSC7652,C1=NC(=C2C(=N1)N(C=N2)C3C(C(C(O3)CO)O)O)N,0
NSC59620,CC1=CC(=O)C2C(C1)CC3C2(C(=O)CC4C3CCC5C4(CCC(C5)OC(=O)C)C)C,0
NSC824,C1=CC=C2C(=C1)C=C(C(=O)O2)C(=O)O,0
NSC327693,C(C(=O)NN)NC(=O)NC1=NNC(=S)S1,0
NSC164435,C1=CC=C(C=C1)NC2=CC=C(C=C2)NC(=O)NC3=CC=CC=C3Cl,0
NSC16646,CC(C)OC1=CC=C(C=C1)C(=O)O,0
NSC99660,CCN1CCCC(C1)SC2=NC3=C(N2)C(=S)N(C(=O)N3C)C,0
NSC32892,CC1=CC(=O)C(C(=O)O1)C(=NC2=CC=CC=C2Cl)C,0
NSC7419,CCN(CC)CCNC(=O)C(=C1C(=C(C(=C1Cl)Cl)Cl)Cl)Cl,0
NSC32873,CCOC(=O)NC1=CC(=C(C=C1)[As](=O)(O)O)O,0
NSC236246,CCC1=[N+](N(C(=C1N=O)C2=CC=CC=C2)O)[O-],0
NSC162292,C1CCCC(CCC1)NC2=NCCO2,0
NSC70307,CC1=C(C(=O)NC(=N1)NC(=O)C)CCC2OCCO2,0
NSC127473,C1C2C(C(S1)CCC=CC(=O)O)NC(=O)N2,0
NSC200686,CCCCN1C=CN=C1C,0
NSC110300,CC1=CSC(=N1)NC(=O)C2=CC=C(C=C2)C(=O)NC3=NC(=CS3)C,0
NSC36425,CC1(C2CCC1(C(=O)C2NC(=S)NN)C)C,0
NSC159398,C1=C(C(=O)NC=C1I)I,0
NSC85326,CCCCNC1=NC(=NC=C1[N+](=O)[O-])N,0
NSC134577,CC(C)C(=O)NC1=CN=CC=C1,0
NSC62511,COC(=O)C1CC(C(C(C1)O)O)O,0
NSC216128,CC1CC(CC(C(C(=CC=CCC(OC(=O)CC(C(C1)C)O)C2CCCC2C(=O)O)C#N)O)C)C,0
NSC34879,C1=CC=C(C=C1)C2C(C2[N+](=O)[O-])C(=O)C3=CC=CC=C3,0
NSC19141,CC1=CC(=C(C=C1)NC2=NC(=NC3=C2N(C=N3)C)Cl)C,0
NSC106486,C1=NC2=C(NN=C2C(=O)N1)C3C(C(C(O3)CO)O)O,0
NSC159632,CC1=CC2=C(C(=O)C(C(C2=CO1)O)(C)O)C=O,0
NSC11296,CN1C2=C(N=C1OC3=CC=CC=C3)N(C(=O)N(C2=O)C)C,0
NSC255109,CC1CC(C(C(C=C(C(C(C=CC=C(C(=O)NC2=CC(=O)C(=C(C1)C2=O)N)C)OC)OC(=O)N)C)C)O)OC,0
NSC645330,CC1=C2C3=C(C4=C(C=C3)C(=O)C=CC4=O)N(C2=CC=C1)C,0
NSC109813,CC1=C2C(=O)C=C(NC2=C(C=C1)C)C,0
NSC175415,CC1=C(N=C2C(=N1)NC(=N2)C(F)(F)F)C,0
NSC9489,C1=CC=NC(=C1)C=CC2=CC=CC=N2,0
NSC65248,C1(=NC(=S)SS1)N,0
NSC5863,C1=CC=C2C(=C1)C(=O)NC=N2,0
NSC634396,CC1=C(C=CC=C1Cl)NC(=O)CC2C(=O)NC3=CC=CC=C3S2,0
NSC11643,CCN(C1=CC=CC=C1)C2=NC(=NC3=C2C=NN3C)Cl,0
NSC7606,C1(C(=O)NC(=O)N1)NC(=O)N,0
NSC54860,C1=C(SC(=C1)Cl)C=CC(=O)C2=CC=C(S2)Cl,0
NSC623638,CCOC(=O)C(C)C1=C(C2=CC=CC=C2N1C)C(=O)C3=CN=C(C=C3)C,0
NSC182400,C12=C(N=C(C(=N1)Cl)Cl)N=C(N2)C(=O)O,0
NSC106969,COC1=C(C=C(C=C1)C2=C(C(=O)C3=C(O2)C=C(C(=C3O)OC)O)OC)O,0
NSC36753,CCOC(=O)CC1=CC(=O)NN(C1=O)C2=CC=CC=C2,0
NSC91356,CC1=CC(=CC=C1)N2CCN(CC2)CC(COC3=CC=C(C=C3)Cl)O,0
NSC18473,C1=CC(=C(N=C1)CO)O,0
NSC332473,C1=CC(=CC=C1N2C(=C(N=N2)C#N)N)Cl,0
NSC310113,CCOC(=O)C1=NC2=C(C3=C(S2)CCCC3)C(=O)N1,0
NSC97538,CCCCNCC1CCCO1,0
NSC48388,C1=NC2=C(N1)C(=NC=N2)SCCN3C=NC4=C(C3=S)NC=N4,0
NSC78999,CC1=NC(=NN1)SCC(=O)O,0
NSC205832,CCCCOC1=CC=C(C=C1)OC(=O)NC2=C(C=CC(=C2)Cl)OC,0
NSC271923,CC1=CC2=C(NC(CNC(C)C)CC2)C=C1[N+]([O-])=O,0
NSC127947,CC(=NO)C1CC(C1(C)C)CC(=O)O,0
NSC19962,CCC1=C(CCC(C1C)C(=O)O)C2=CC=C(C=C2)OC,0
NSC4143,C1=C(C=C(C(=C1I)O)I)CC(C(=O)O)N,0
NSC28341,C1=CC=C(C=C1)N2C3=C(C=C(C=C3)N)N=N2,0
NSC311723,C1=CC=NC(=C1)SC2=NC=CC=N2,0
NSC343783,CSC1=NC2=C(N=CN=C2S1)NCC=C,0
NSC11891,C1=CC=C2C(=C1)N=C(S2)SCC(=O)O,0
NSC60183,CCC(C)C1=C(N(OC1=O)S(=O)(=O)C2=CC=C(C=C2)C)N,0
NSC174027,COC1=CC(=O)OC(=C1)CC(=O)C(=O)O,0
NSC268251,CC1C(C(C(C(O1)NC2=NC=NC3=C2NC=N3)O)O)NC(=O)CNC(=O)CCCCCCCCCCCCC(C)C,0
NSC46273,CC1CC=C(C12OCC(CO2)(C)C)O,0
NSC326422,CCCCOC1=CC=C(C=C1)NC(=O)NC2=NN=C(S2)C,0
NSC319012,COC1=C(C(=C2C(=C1)C(=NC=N2)NCCCCCO)OC)OC,0
NSC127886,CCOC(=O)C(C#N)C(=N)C1C2CCCCC2OC1=O,0
NSC372063,C1=CC=C(C=C1)C2C(=O)C(=C(O2)N)O,0
NSC660151,CCOP(=O)(C(=CC1=CNC2=CC=CC=C21)C#N)OCC,0
NSC326182,CC1=CC(=C(C=C1)NC2=NN=C(O2)C3=CC4=C(C=C3)OCO4)C,0
NSC35611,CC1CCC2C(C)C3C(CC4C3(C)CCC5C4CC=C6C5(C)CCC(OC7C(OC8C(O)C(O)C(O)C(C)O8)C(OC9C(O)C(O)C(O)C(CO)O9)C(O)C(CO)O7)C6)N2C1,0
NSC338205,C1=C(C(=O)NN=C1Cl)C(=O)O,0
NSC116709,C1=CC=C(C=C1)C(=O)CC2C=CC3=CC=CC=C3N2C(=O)C4=CC=CC=C4,0
NSC327444,C1CCC(CC1)(N)N2C3=CCCCC3=C(S2)S,0
NSC109176,CN1C(=O)C(=CN1)C=NC(=O)N,0
NSC37219,C1=CC=C2C=C(C=CC2=C1)OCCOCCOC3=CC4=CC=CC=C4C=C3,0
NSC101266,CC1=CC=CC=C1NC(=O)NCCN2CC2,0
NSC38042,CC1=CC(=CC(=C1NC(=O)C)C)OCC(=O)O,0
NSC41331,CCCCSC1=CC(=O)NC(=N1)N,0
NSC79538,C1=CC=C(C=C1)N2C(=C(N=N2)CO)CO,0
NSC80735,C1=CC(=CC=C1NC(=O)NC2=CC=C(C=C2)OC3=CC=C(C=C3)NC(=O)NC4=CC=C(C=C4)[N+](=O)[O-])[N+](=O)[O-],1
NSC140899,C1C2=CC3=CC=CC=C3N=C2CN1C(=O)C=CC(=O)O,0
NSC17129,CCCNC(=O)C1=CC=C(C=C1)S(=O)(=O)N,0
NSC29629,C1CSC(=S)N1CCO,0
NSC29620,CCCCCCCC1(C(=O)NC(=O)N1)C,0
NSC149054,C1=CC=C(C=C1)N2C(=C(C(=O)N(C2=O)C3=CC=CC=C3)C=N)O,0
NSC364889,CCOC(=O)C1=CC2=C(C=C1)OC3=C(CN2)C=CC=C3OC,0
NSC186194,CC(=O)OCCN1C(=CN=C1C=[N+](C2CCCCC2)[O-])[N+](=O)[O-],0
NSC207895,CN1CCN(CC1)C2=CC=C(C3=NO[N+](=C23)[O-])[N+](=O)[O-],0
NSC133100,CC1C=CC=C(C(=O)NC2=CC(=C3C(=C2O)C(=C(C4=C3C(=O)C(O4)(OC=CC(C(C(C(C(C(C1O)C)O)C)OC(=O)C)C)OC)C)C)O)O)C,0
NSC135857,CC(C)(C)N1CCC1CN,0
NSC62840,C1CCC(CC1)NCCC(=O)O,0
NSC400978,CC1=C2C(C(C=C2C(=O)C(C13CC3)(C)O)(C)C)O,0
NSC367474,CC1=CC(=O)N2C(=N1)C=C(N2)C3=CC=C(C=C3)C(C)(C)C,0
NSC15362,C1=CC(=CC(=C1)NC(=O)C2=CC=C(C=C2)N)N,0
NSC29193,C1=NC(=S)NC2=C1NC(=S)N2,0
NSC216607,C1=CC(=CC=C1NC(=O)OCCOC2=CC=C(C=C2)[N+](=O)[O-])F,0
NSC664971,CN1CCN(CC1)C2=NCCO2,0
NSC328111,C1=CC(=CC(=C1)Cl)NC2=NC(=O)C3=C(O2)C=C(OC3=O)Cl,0
NSC195031,CCCCC(=O)N(CCC)CCC,0
NSC73053,COC1=C(OC)C=C2C(CCN=C2C=CC3=CC=CO3)=C1,0
NSC32192,CN1CCC2=CC3=C(C=C2C1C4C5=C(C6=C(C=C5)OCO6)C(=O)O4)OCO3,0
NSC120312,CC1=C(C(=O)N2N1CCCC2)CCO,0
NSC293360,CC1=C(C(=C2C(=C1O)C3(C(=CC(=O)C(=C(C)N)C3=O)O2)C)C(=O)C)O,0
NSC370383,C1=CN2C(=C(C=N2)C#N)N1C3C(C(C(O3)CO)O)O,0
NSC101298,C1CN1CCCNC(=O)NC2=CC=CC3=CC=CC=C32,0
NSC38845,C1=CC=C(C=C1)CSC2=NC3=NC=NC=C3N2,0
NSC375392,CC1=CC=C(C=C1)C(=NC2=CC=CC=C2)N,0
NSC401005,CC1COC2C3C4C1CCC4CC5C3C(C6=C2C(=O)C=CC6=O)OC5=O,0
NSC154295,C#CCOCC1CN(C(=O)O1)C2=CC=CC=C2,0
NSC147358,CCC(CO)NC1=NC2=C(C=C(C=C2)Cl)C3=CC=CC=C31,0
NSC631160,CN1C=NC(=C1SC2=NN=C(N2C)C3=CN=CC=C3)[N+](=O)[O-],0
NSC5995,C1=CC=C(C=C1)NC(=O)NC2=CC=CC=N2,0
NSC51331,C1=CC=C(C=C1)SC2=NC=NC3=CC=CC=C32,0
NSC67574,CCC1(O)CC2CC(C3=C(OC)C=C4C(C56CCN7C5C(C(OC(C)=O)C(C(OC)=O)(O)C6N4C=O)(CC)C=CC7)=C3)(C(OC)=O)C8=C(C9=CC=CC=C9N8)CCN(C1)C2,0
NSC20045,CC(C)C1=CC=C(C=C1)C(=O)NC(C)C,0
NSC7420,C1CCC(CC1)C2=C(C(=CC(=C2)Br)C(=O)N)O,0
NSC370367,C1=CC=C(C(=C1)N2C=CNC2=S)Cl,0
NSC679449,C1C2CN=NC2(CN1)C#N,0
NSC525721,C1=CC=C2C(=C1)N(C3=CC=CC=C3S2)CCC(=O)O,0
NSC367428,COC1C(C(=O)NC(=O)N1)(C(=O)OC)F,0
NSC641396,CN1C2=C(C=C(C=C2)OC)C3=C1C4=C(C=C3)C(=O)C=CC4=O,0
NSC326921,C1=CC=NC(=C1)SCC=CCSC2=CC=CC=N2,0
NSC113497,CC(=O)OC1CC2C(C(=O)C=CC2(C3C1(C45C(O4)C(=O)OC(C5(CC3)C)C6=COC=C6)C)C)(C)C,0
NSC144982,CCOC(=O)C1CC(=C(CC1C(=O)O)C)C,0
NSC34777,COC(=O)CC1=C(NC(=O)N1)C(=O)OC,0
NSC68971,C1=CC=C(C=C1)OC(=O)NC2=CC(=C(C=C2)O)C(=O)O,0
NSC117386,C1=NNN=C1CC(=NO)C(=O)O,0
NSC241998,C1CC2CC1C3C2C(=O)N(C3=O)C(CCC(=O)N)C(=O)O,0
NSC363801,CC1=C(C(=O)N2C(=N1)C=CN2)CCC3=CC=CC=C3,0
NSC66837,CCOCCC1=C(N=C(NC1=O)SC)O,0
NSC319436,CC1=CC(=CC=C1)NC2=C(C(=O)NC3(S2)CCCC3)C#N,0
NSC80141,C1C2=CC(=C(C=C2C3=C1C=C(C=C3)N)Cl)Cl,0
NSC50648,C1=CC=C2C(=C1)C=CC(=C2O)C(=O)NC3=CC(=CC=C3)[N+](=O)[O-],1
